Frame#,Time (sec),r hfm (mm),r lm (mm),r le (mm),r gt (mm),r wrist (mm),r elbo(mm),r shoulder,l hfm (mm),l lm (mm),l le (mm),l gt (mm),l wrist (mm),l elbow (mm),l shoulder,r asis (mm),l asis (mm),forehead (mm),r foot,r shank,r thigh,l foot,l shank,l thigh ,r forearm,r upperarm,l forearm,l upperarm,pelvis,trunk,head&neck,r foot,r shank,r thigh,l foot,l shank,l thigh,r Forearm,r Upperarm,l Forearm,l Upperarm,pelvis,trunk,head&neck,Whole Body COM (mm)
1,0.01670,47.16300,72.89165,474.82736,877.70180,820.29911,1054.27495,1395.16807,46.78952,80.84805,475.64555,879.19428,823.90353,1061.56910,1401.02178,935.47910,934.45998,1599.23170,124.07294,417.44612,403.84712,121.04506,410.39322,403.94784,252.88226,341.58897,250.80705,339.45342,104.39060,469.48987,294.37473,168.03345,74.32274,86.01143,163.66009,74.14418,87.44150,112.30477,86.33101,108.63891,89.86895,32.77763,80.54464,56.47213,
2,0.03340,47.40353,74.58713,474.83986,877.96170,819.96453,1054.51062,1395.03754,47.83783,80.84805,476.33023,879.13695,823.67076,1060.90106,1400.90728,935.98068,934.37217,1599.51334,123.07858,415.39863,404.03981,120.91408,410.95679,403.18482,253.36185,341.24083,250.34740,340.00681,103.96299,469.10251,294.34094,167.24189,74.47072,86.12587,164.15886,74.21711,87.50709,112.22924,86.28196,108.63870,89.88168,32.99888,80.58395,56.55059,
3,0.05010,47.28672,73.78516,474.75390,877.97209,820.04350,1054.58067,1395.05902,47.88787,80.84805,476.33537,879.10832,823.38836,1060.79042,1400.92781,935.99934,934.39561,1599.51506,123.63989,416.29293,404.14555,120.93846,410.94790,403.14484,253.28978,341.21245,250.44586,340.13771,103.85944,469.06087,294.24615,167.62600,74.39597,86.10664,164.18678,74.22413,87.52742,112.19465,86.22974,108.58243,89.90918,33.05583,80.61467,56.57455,
4,0.06680,47.31400,74.05889,474.62183,878.21436,820.04821,1054.60884,1395.05278,47.91074,80.84805,476.35023,879.01029,823.25746,1060.80146,1400.93862,935.97565,934.33910,1599.56376,123.42009,415.86524,404.52568,120.99924,412.69715,403.03509,253.22856,341.19720,250.51893,340.13722,103.69869,469.04926,294.22274,167.48646,74.39912,86.09639,165.01235,74.21037,87.51675,112.14658,86.18092,108.53018,89.95558,33.03966,80.65512,56.59982,
5,0.08350,47.27521,74.32087,474.68270,878.43070,820.08130,1054.62608,1395.12795,47.88693,79.20641,476.33509,878.91712,823.06676,1060.71258,1400.82677,935.93885,934.28482,1599.64560,123.18091,415.60888,404.67980,120.63944,412.63238,402.96195,253.18116,341.26925,250.53641,340.11420,103.56280,469.03397,294.25360,167.31842,74.42263,86.09993,164.96815,74.24827,87.50044,112.12973,86.14579,108.46872,89.97801,33.01788,80.68702,56.62199,
6,0.10020,47.26054,74.03538,475.03064,878.43009,820.18578,1054.66124,1395.20752,47.87852,79.17945,476.30142,878.84686,822.82245,1060.60476,1400.67729,936.22217,934.26249,1599.82215,123.32545,416.28279,404.34488,119.30963,413.09635,402.92601,253.11256,341.32488,250.58645,340.07253,103.63928,468.83576,294.12764,167.46244,74.41456,86.06996,165.19660,74.41933,87.49819,112.13320,86.11810,108.40433,89.97209,33.09983,80.70984,56.66599,
7,0.11690,47.24721,73.76198,475.52192,878.47197,820.79740,1054.72961,1395.11871,47.88606,78.36636,476.25526,878.84622,822.56856,1060.37595,1400.62693,936.49534,934.24376,1599.96836,123.47873,417.06108,403.90429,120.03224,412.71701,402.96908,252.56980,341.17309,250.55132,340.25118,103.66859,468.60781,294.01211,167.60183,74.42222,86.04959,165.02428,74.30500,87.50640,112.15755,86.10388,108.36196,89.92704,33.15961,80.73122,56.71337,
8,0.13360,47.18438,74.01317,476.20072,878.53555,820.37530,1054.77440,1395.03612,47.90356,78.90749,476.22095,878.84097,822.33996,1060.18718,1400.58676,936.52968,934.24837,1599.97602,123.32078,417.34051,403.27819,119.36312,413.10369,402.99847,253.04919,341.04741,250.51949,340.39985,103.67705,468.51571,294.01001,167.43629,74.50346,86.06907,165.21819,74.37662,87.50536,112.14381,86.09895,108.31102,89.91716,33.15016,80.73886,56.71497,
9,0.15030,47.16644,74.26404,477.09140,878.62599,820.53008,1054.77075,1395.03286,47.90958,78.36159,476.24866,878.74242,822.17851,1060.18442,1400.46119,936.60860,934.23782,1599.97025,123.18545,417.82507,402.46709,119.92083,412.45254,402.87681,252.92098,341.05738,250.58950,340.27703,103.74524,468.40240,294.02464,167.29414,74.59246,86.08780,164.87094,74.27591,87.48996,112.16765,86.07530,108.24376,89.91816,33.15078,80.74894,56.70438,
10,0.16700,47.21419,74.26404,477.83808,878.71460,820.75872,1054.79565,1395.02412,47.84364,79.21217,476.28603,878.64324,822.07995,1060.17518,1400.35461,936.64309,934.19826,1599.93818,123.15247,418.46220,401.79225,119.35795,413.21427,402.73978,252.75611,341.03790,250.60822,340.17981,103.67264,468.30954,294.09109,167.31345,74.66088,86.11979,165.16962,74.33649,87.49112,112.19830,86.04052,108.19142,89.90165,33.17881,80.77680,56.70184,
11,0.18370,47.21543,74.26404,478.61040,878.71460,820.81142,1054.87433,1395.05918,47.80593,78.39817,476.11448,878.60896,821.99785,1060.12092,1400.33139,936.65768,934.20280,1599.84587,123.16070,419.13625,401.00362,119.94859,412.39348,402.87308,252.80229,341.00727,250.58768,340.21090,103.59032,468.27887,294.11125,167.31490,74.72422,86.15065,164.81031,74.22294,87.50448,112.20837,86.00879,108.15670,89.89821,33.22624,80.79717,56.68554,
12,0.20040,47.18793,74.01165,479.22419,878.68524,820.81366,1054.92447,1395.11613,47.82778,79.23830,475.91707,878.58476,821.98160,1060.05789,1400.24072,936.69836,934.20822,1599.65955,123.27426,420.02412,400.37252,119.51600,412.87711,403.04992,252.84876,341.02471,250.51409,340.18310,103.60455,468.21666,294.24210,167.43389,74.72921,86.12199,165.11896,74.24876,87.49315,112.20544,85.98324,108.13969,89.91605,33.25403,80.81365,56.64199,
13,0.21710,47.19248,73.75925,479.87031,878.68596,820.82632,1054.93110,1395.09957,47.83041,78.52494,475.91290,878.49072,821.99774,1060.00523,1400.16647,936.71679,934.23485,1599.50765,123.29800,421.03245,399.76811,120.23338,412.39670,402.96579,252.83008,341.00259,250.42296,340.16148,103.62225,468.10978,294.39350,167.55863,74.69087,86.03298,164.86319,74.12271,87.47424,112.19868,85.98056,108.12660,89.92035,33.29337,80.84254,56.59338,
14,0.23380,47.21107,73.75925,480.85809,878.71604,820.84404,1054.96033,1395.06204,47.81186,79.23029,475.93335,878.27493,821.94044,1060.00615,1400.16982,936.67031,934.29537,1599.42954,123.26658,422.16972,398.86746,120.56797,412.54615,402.72974,252.86308,340.93314,250.43889,340.16396,103.64261,468.04871,294.23729,167.56425,74.63482,85.91159,164.90052,74.06375,87.47291,112.21011,85.98659,108.09489,89.91396,33.35205,80.87044,56.54691,
15,0.25050,47.23802,73.75925,481.36870,878.74812,820.90736,1054.97367,1395.07868,47.82667,79.22328,475.94486,878.06881,821.87016,1060.08610,1400.15225,936.65626,934.24460,1599.31479,123.30807,422.90488,398.45016,120.30176,412.47738,402.50543,252.90904,340.94368,250.54714,340.06646,103.65628,468.04951,294.00536,167.58133,74.53370,85.78752,164.88020,74.10987,87.49394,112.26551,85.96927,108.05999,89.91015,33.38321,80.89453,56.50423,
16,0.26720,47.25107,74.03269,481.32345,878.74720,821.00586,1054.87181,1395.08367,47.91104,79.20992,475.92254,878.00274,821.81974,1060.10327,1400.09831,936.73576,933.88436,1599.24407,123.24975,422.83374,398.55938,119.49564,413.09976,402.45144,252.78260,341.05941,250.59292,339.99550,103.58344,468.12920,293.93094,167.45140,74.40705,85.66263,165.25179,74.23905,87.52749,112.31533,85.94871,108.04223,89.89448,33.33898,80.92338,56.49127,
17,0.28390,47.27680,74.30612,481.25256,878.73114,820.97517,1054.74269,1395.02923,47.95965,78.33511,475.91713,877.99263,821.80468,1060.00463,1400.01959,936.79480,933.60389,1599.16385,123.16491,422.69418,398.66975,120.37204,412.43765,402.43803,252.70243,341.14376,250.53977,340.01556,103.54531,468.14191,293.97320,167.32454,74.30151,85.55867,164.96800,74.12882,87.55650,112.32982,85.92624,108.06661,89.88039,33.28822,80.94794,56.46984,
18,0.30060,47.35233,74.28508,481.26788,878.74807,820.86355,1054.68486,1394.97567,47.92427,79.18311,475.93569,877.96422,821.67284,1059.64285,1399.94992,936.79335,933.81268,1599.09952,123.16511,422.89468,398.70510,120.72149,412.48011,402.38020,252.76988,341.17110,250.28427,340.30743,103.69142,467.95116,294.01998,167.37060,74.22322,85.49655,164.98810,74.11020,87.59306,112.33495,85.87207,108.05703,89.90421,33.30752,80.96596,56.43410,
19,0.31730,47.39512,74.26437,481.26034,878.77175,820.79245,1054.68155,1394.95060,47.87613,79.19748,475.93378,877.86864,821.30669,1059.35256,1399.83347,936.82060,934.04559,1599.03820,123.14175,423.05291,398.75810,120.33878,412.39462,402.27593,252.85652,341.17406,250.25513,340.48104,103.87610,467.71471,294.05132,167.39844,74.15404,85.45709,164.95986,74.19690,87.62908,112.34232,85.81469,107.98035,89.93904,33.35017,80.99152,56.39111,
20,0.33400,47.35568,74.26503,481.17414,878.76062,820.69851,1054.66298,1394.93606,47.85470,79.10748,475.92706,877.77284,821.06897,1059.31860,1399.58087,936.87795,934.10008,1598.90152,123.09002,423.11291,398.85572,119.33663,413.07927,402.17903,252.89950,341.20367,250.43340,340.26238,104.02612,467.48076,294.17179,167.37393,74.08246,85.41681,165.29795,74.34878,87.65600,112.32108,85.75627,107.95499,89.94205,33.36791,81.02415,56.35714,
21,0.35070,47.29394,74.27678,481.08779,878.74747,820.55942,1054.61907,1394.96550,47.86422,78.14529,475.93641,877.78370,821.03138,1059.19743,1399.32961,936.92938,934.07159,1598.80808,123.02615,423.16659,398.95382,120.14568,412.33141,402.17375,252.85212,341.31086,250.37963,340.13230,104.12810,467.30748,294.22222,167.33219,74.00868,85.37272,164.93481,74.23511,87.67988,112.23797,85.68064,107.97905,89.94076,33.33927,81.06261,56.34882,
22,0.36740,47.28735,74.26717,481.05297,878.75418,820.45674,1054.55427,1395.01089,47.89062,79.09617,475.93843,877.79478,821.01691,1059.08502,1399.23761,936.87051,933.97770,1598.77289,122.99289,423.27104,399.00455,120.62261,412.37601,402.17988,252.73609,341.45733,250.29871,340.15275,104.19152,467.30571,294.14335,167.33015,73.94704,85.35665,164.97684,74.18105,87.69031,112.15076,85.60128,107.99460,89.93352,33.26024,81.10603,56.32737,
23,0.38410,47.36561,74.23471,481.03595,878.82030,820.21856,1054.54523,1395.04240,47.90677,79.16110,475.90542,877.78046,821.04616,1059.09089,1399.14474,936.76944,933.94895,1598.74131,123.04252,423.36917,399.07629,120.73553,412.38602,402.19886,252.86293,341.54086,250.27753,340.05413,104.25406,467.27480,294.12283,167.38818,73.90847,85.37738,165.00838,74.16889,87.68935,112.08354,85.50857,107.99700,89.91399,33.17805,81.15760,56.30266,
24,0.40080,47.37484,74.24432,481.01567,878.95404,819.87969,1054.58169,1395.03235,47.87410,79.14231,475.88205,877.47685,821.00340,1059.14541,1399.06010,936.46018,933.98700,1598.68068,123.11219,423.41504,399.22676,120.70210,412.44672,401.91615,253.10925,341.54576,250.35828,339.91515,104.30486,467.27967,294.14258,167.39525,73.87238,85.38457,165.00891,74.14884,87.69732,111.99480,85.39952,107.98181,89.89393,33.12657,81.22448,56.28540,
25,0.41750,47.26908,74.26601,480.99409,879.07324,819.59807,1054.60595,1395.01216,47.85490,79.09993,475.82165,877.14701,820.92803,1059.07217,1399.00411,936.20374,934.00023,1598.57928,123.02124,423.44818,399.36759,120.27706,412.43526,401.64101,253.18718,341.54958,250.32433,339.93265,104.38925,467.27571,294.00184,167.32495,73.83581,85.38530,164.99271,74.17274,87.71691,111.85317,85.29943,107.95627,89.87079,33.08567,81.29511,56.26506,
26,0.43420,47.57489,74.24596,480.98553,879.10496,819.21344,1054.65249,1395.01916,47.90703,79.00361,475.74559,877.16183,820.89120,1059.01709,1398.93342,936.19356,933.93683,1598.53857,122.66040,423.52625,399.39604,119.40102,413.16266,401.72766,253.27968,341.55120,250.24702,339.91729,104.44533,467.18905,293.86564,167.44301,73.80497,85.40664,165.38144,74.26563,87.73244,111.64229,85.21576,107.91514,89.85219,33.02633,81.36892,56.25808,
27,0.45090,47.98938,74.23668,481.01200,879.09609,818.82053,1054.64099,1395.02104,47.89666,78.04563,475.80492,876.84366,820.88820,1059.11671,1398.79991,936.16841,933.86787,1598.55447,122.38751,423.64607,399.34609,119.96772,412.50245,401.34898,253.30880,341.61528,250.30974,339.68475,104.55421,467.06074,293.88688,167.61772,73.76654,85.43267,164.99475,74.15293,87.73564,111.42387,85.11511,107.88315,89.81559,33.06367,81.45784,56.27099,
28,0.46760,48.06932,74.26980,481.04622,879.10523,818.56600,1054.55865,1394.99428,47.81893,78.96115,475.84354,876.14957,820.93241,1059.19058,1398.69814,936.23488,933.63515,1598.52431,122.30331,423.74350,399.31021,119.42106,413.39957,400.60710,253.18558,341.73734,250.33021,339.51072,104.73621,466.96412,293.87744,167.63152,73.72187,85.45202,165.34026,74.19925,87.76714,111.24536,84.98649,107.87555,89.74116,33.16819,81.55298,56.26820,
29,0.48430,48.07411,74.29150,480.97419,879.04381,818.15794,1054.50257,1394.94631,47.81389,78.04563,475.84071,876.65703,821.03024,1059.03620,1398.74123,935.99612,933.69783,1598.44499,122.26499,423.77336,399.31353,119.80029,412.66690,401.10121,253.23827,341.81071,250.06463,339.71048,104.72388,466.95764,293.81550,167.61946,73.66291,85.46527,164.95997,74.11912,87.82901,111.05539,84.86311,107.87514,89.66367,32.96954,81.63026,56.23150,
30,0.50100,47.87158,74.06166,480.83511,878.77516,817.71839,1054.39884,1394.89191,47.87812,78.90526,475.86799,876.29321,821.11018,1058.88565,1398.76642,935.68319,933.92241,1598.35009,122.45291,424.04566,399.17169,119.33429,413.52045,400.69959,253.26712,341.92836,249.80715,339.88930,105.05150,466.89097,293.75874,167.65184,73.58114,85.48687,165.35873,74.15254,87.86820,110.85997,84.73741,107.86424,89.58240,33.03049,81.71129,56.19698,
31,0.51770,47.71970,73.81044,480.58640,878.44120,817.48850,1054.32866,1394.74132,47.92419,78.04563,475.85210,877.21315,821.06957,1058.96816,1398.72577,935.59155,933.81160,1598.25983,122.66560,424.24882,399.06207,120.21212,412.79131,401.61924,253.14533,341.92065,249.86145,339.77078,104.92965,466.78701,293.77848,167.72108,73.48944,85.53101,165.01312,74.00900,87.93402,110.68536,84.60592,107.81074,89.48392,32.81728,81.80428,56.18437,
32,0.53440,47.87476,73.78906,480.02735,878.33524,817.04330,1054.33695,1394.53981,47.92948,79.01472,475.83290,877.66007,820.98236,1059.06140,1398.71670,935.54392,933.74079,1598.08708,122.67877,423.87480,399.47029,120.57418,412.84114,402.06887,253.29216,341.77037,249.95049,339.67465,104.92617,466.63735,293.81770,167.80672,73.40444,85.61694,165.04132,73.95430,88.00179,110.48191,84.49942,107.73887,89.37683,32.66939,81.89276,56.16147,
33,0.55110,47.99540,73.55759,479.47978,878.30794,816.50830,1054.26387,1394.37881,47.91986,79.05632,475.72404,877.38086,820.77444,1059.10235,1398.77069,935.51336,933.71980,1597.89216,122.69663,423.74239,399.94518,120.24304,412.72685,401.88996,253.44550,341.74085,250.08721,339.69459,105.08895,466.49195,293.80179,167.97667,73.31507,85.70569,165.00317,73.96372,88.03689,110.27524,84.39778,107.64941,89.27628,32.69505,81.99474,56.11546,
34,0.56780,47.71105,73.28373,479.28395,877.82776,815.98947,1053.85908,1394.10846,47.86153,79.03856,475.58813,877.09190,820.55926,1059.15355,1398.65015,935.44682,933.64698,1597.76508,122.92491,424.04742,399.61452,119.40632,413.28376,401.72618,253.32683,341.93806,250.22048,339.53175,105.22768,466.23704,293.86137,167.99434,73.21453,85.79370,165.26540,74.03011,88.08191,110.12759,84.29246,107.54379,89.16395,32.85041,82.10744,56.09567,
35,0.58450,47.42213,73.22261,479.05506,876.63314,815.37844,1053.26836,1393.75262,47.82166,78.23544,475.45489,877.03678,820.52787,1059.21135,1398.50149,935.17005,933.49601,1597.62892,123.13351,424.11574,398.59085,120.21555,412.44968,401.78676,253.11744,342.23454,250.20518,339.33820,105.39849,466.08194,293.97241,167.90661,73.10575,85.90357,164.86389,73.87358,88.15877,109.98436,84.19193,107.46475,89.02408,33.05662,82.21143,56.09821,
36,0.60120,47.36365,73.20235,478.56441,877.15991,814.84998,1053.02098,1393.47869,47.87591,79.21547,475.35154,876.51687,820.40695,1059.27937,1398.55005,933.93593,933.43676,1597.45743,123.10887,423.89905,399.56996,120.48707,412.43982,401.34991,253.14739,342.27008,250.29099,339.33369,105.04202,466.49228,293.97372,167.88596,72.98378,85.98651,164.89164,73.79237,88.25078,109.81612,84.09024,107.38286,88.88427,32.76061,82.32793,56.08138,
37,0.61790,47.28978,73.20083,478.27679,876.49591,814.49201,1052.92262,1393.23921,47.93031,79.28428,475.37334,877.05279,820.21468,1059.39382,1398.60863,933.65015,933.46026,1597.18114,123.04478,423.88479,399.13213,120.13801,412.47804,401.85166,253.23120,342.18437,250.45489,339.29493,105.06238,466.43793,293.94374,167.84510,72.85833,86.11269,164.88260,73.79406,88.31109,109.69508,83.99994,107.26736,88.74332,32.70996,82.41554,56.02046,
38,0.63460,47.26129,73.24473,478.16773,876.63066,814.02730,1052.73463,1392.98364,47.92784,79.26599,475.49059,877.29007,820.13455,1059.56070,1398.59299,933.04419,933.31276,1596.73460,123.02220,424.03871,399.35613,119.43487,413.32869,401.95829,253.38750,342.16462,250.54125,339.13295,105.03712,466.58549,293.99729,167.80835,72.72125,86.15605,165.17880,73.83524,88.37793,109.60795,83.92348,107.14009,88.59247,32.35473,82.50442,55.91515,
39,0.65130,47.26904,73.28930,477.85043,876.40556,813.48084,1052.45671,1392.69955,47.93031,78.48358,475.56756,877.37735,820.05142,1059.72488,1398.62027,932.77380,932.72847,1596.21343,122.93197,423.96441,399.39787,120.31431,412.48651,401.95488,253.50740,342.19257,250.64195,339.02133,104.87772,466.77940,293.82945,167.78171,72.58932,86.26612,164.65519,73.63513,88.44905,109.50285,83.86989,107.02246,88.42674,32.17829,82.60561,55.81452,
40,0.66800,47.36510,72.89117,477.36523,875.56939,812.87645,1052.28250,1392.48532,47.97819,79.77280,475.65210,876.80090,819.97460,1059.80918,1398.72666,932.40947,932.13026,1595.74505,122.52195,424.08170,398.99133,120.55037,412.57007,401.27906,253.76821,342.17758,250.68223,339.07369,105.02974,467.11325,293.55484,167.97654,72.49966,86.38913,164.57307,73.50124,88.52856,109.37778,83.83058,106.92644,88.24932,32.27119,82.69806,55.71875,
41,0.68470,47.45736,72.47134,476.99459,875.26589,812.22398,1051.88762,1392.30346,48.01886,80.04976,475.67362,878.14353,820.02239,1059.89706,1398.79033,932.10166,931.87044,1595.40560,122.16960,424.36141,398.99847,120.58646,412.70312,402.60002,253.88426,342.40698,250.61565,339.08256,104.88290,467.26029,293.70678,168.18678,72.40219,86.52910,164.50944,73.36222,88.53184,109.27676,83.80715,106.84471,88.07404,31.80403,82.77465,55.62561,
42,0.70140,47.35994,72.42459,476.52335,875.03228,811.97037,1051.16831,1392.07545,48.03634,80.22912,475.63316,877.14731,820.16826,1060.14772,1398.78117,932.72817,932.03409,1595.07530,122.16395,424.29576,399.17938,120.62532,412.88108,401.62734,253.27189,342.88894,250.57931,338.85639,105.31737,466.66896,293.92543,168.16195,72.24119,86.66754,164.49466,73.23236,88.62819,109.19958,83.82602,106.73418,87.91014,32.30531,82.84634,55.54473,
43,0.71810,47.24659,72.34754,475.92990,874.26429,811.59073,1050.81753,1391.81732,48.02423,80.28698,475.57770,877.78239,820.22225,1060.35787,1398.73632,930.96884,932.19647,1594.76261,122.17667,424.22179,398.95109,120.19709,412.59145,402.30676,253.19794,342.97478,250.59322,338.64025,104.79225,467.21273,293.70899,168.14581,72.04469,86.80257,164.25951,73.17148,88.69784,109.13153,83.83740,106.62033,87.73553,32.01383,82.95308,55.48171,
44,0.73480,47.55276,72.16654,475.52438,872.82397,810.95333,1050.50169,1391.36299,47.97485,80.63550,475.54306,877.19623,820.16538,1060.48760,1398.68608,930.77422,932.07414,1594.48603,121.91049,424.39330,397.86380,119.75953,412.45146,401.74554,253.46761,342.85255,250.68282,338.50386,105.15453,467.03040,293.58283,168.35340,71.87562,86.93701,164.01256,73.06184,88.75982,109.08540,83.81099,106.53960,87.55472,32.44063,83.04089,55.43452,
45,0.75150,47.84727,70.85594,474.82647,873.02828,810.20088,1049.99182,1390.75373,47.96843,80.96398,475.57873,877.51934,820.09603,1060.67648,1398.66578,930.19380,931.63404,1594.18999,121.16873,425.28703,398.71921,119.70247,412.94484,402.02592,253.62985,342.77807,250.82933,338.34036,104.74908,467.13905,293.72608,169.05508,71.77334,87.06951,164.00423,72.85771,88.80815,109.02363,83.77177,106.44480,87.37838,32.08073,83.13029,55.41066,
46,0.76820,47.51905,71.86327,474.30445,872.41687,809.43356,1049.47596,1390.08475,47.99402,80.95858,475.47715,877.65303,820.05505,1060.87744,1398.61397,929.27777,931.17009,1593.84669,121.88418,424.47005,398.59258,118.74685,414.12008,402.25863,253.82344,342.65135,250.90426,338.14467,104.41195,467.37369,293.73670,168.48019,71.45087,87.17607,164.34117,72.71043,88.82631,108.97616,83.73001,106.30699,87.17332,31.90472,83.23021,55.41308,
47,0.78490,47.25340,70.81619,474.10586,871.55393,808.72094,1048.66435,1389.47249,48.00005,80.04888,475.55033,877.80934,820.01226,1060.99203,1398.53560,929.23614,931.03226,1593.39545,121.54595,425.76391,397.89727,119.50412,413.42706,402.35552,253.68098,342.85334,250.88949,338.01643,104.55532,467.03918,293.63117,168.82336,71.29148,87.26591,163.54960,72.22156,88.73354,108.95132,83.72778,106.16681,86.95773,32.02602,83.31051,55.37304,
48,0.80160,47.49541,71.71269,473.45558,870.95240,807.69112,1047.78531,1388.91733,47.98538,81.84611,475.06871,877.96260,819.90182,1060.68009,1398.24897,927.70211,930.68967,1592.85558,121.66491,424.90061,397.92493,119.47467,413.17141,403.02365,253.80563,343.16081,250.54936,338.10497,103.99120,467.43903,293.55785,168.52014,70.98727,87.33069,163.07649,71.70176,88.53450,108.92844,83.75580,106.06362,86.76181,31.75675,83.43848,55.30510,
49,0.81830,47.67611,70.58480,472.49138,870.31414,806.86145,1047.06589,1388.21214,47.95402,82.76821,474.46345,878.16599,819.69676,1060.41816,1397.79407,927.19669,930.53883,1592.25974,121.05916,425.57962,398.23414,119.33610,413.77040,403.89936,253.94968,343.15858,250.33414,337.98066,103.84439,467.08283,293.51820,169.09324,70.79051,87.38416,162.87323,71.04807,88.19980,108.94654,83.78113,105.93906,86.56073,31.73507,83.54903,55.26254,
50,0.83500,47.78778,71.39609,471.70978,869.42091,806.26300,1046.20876,1387.41290,47.92042,83.10135,474.55386,878.36791,819.36200,1060.59485,1397.57956,926.79591,930.54583,1591.61777,121.34028,424.80765,398.09074,119.03014,414.88900,404.13539,253.74826,343.18302,250.61168,337.65773,103.68784,466.66704,293.53125,168.78227,70.43937,87.48630,162.37166,70.28102,87.70362,108.99390,83.83320,105.73406,86.37064,31.88534,83.66296,55.21821,
51,0.85170,47.95319,70.42836,471.28995,868.33659,805.70941,1045.46179,1386.61740,47.91371,83.97219,473.76904,878.48171,818.97796,1060.77646,1397.44902,926.30758,930.42753,1590.94845,120.60275,425.80412,397.39179,118.93714,414.88513,405.26365,253.70428,343.11879,250.92416,337.41791,103.50898,466.38596,293.69281,169.26113,70.28273,87.60048,161.44623,69.25340,87.00068,109.09898,83.85712,105.50937,86.17981,32.06571,83.79779,55.16676,
52,0.86840,47.65678,71.14895,470.41229,867.17374,805.21117,1044.80562,1386.04191,47.91845,85.76359,472.17772,878.55971,818.62924,1060.90169,1397.23471,925.41170,930.19209,1590.45646,121.01723,424.99152,397.08724,118.60899,414.46592,407.33594,253.78045,343.18992,251.17662,337.16878,103.33925,466.41502,293.74171,168.80798,69.95232,87.66752,160.32534,68.00412,86.06684,109.25704,83.87269,105.31126,85.95384,32.10947,83.96152,55.12641,
53,0.88510,47.32246,70.24277,469.10859,865.89560,804.41221,1043.94257,1385.49960,47.88570,87.85656,471.78650,878.70409,818.38933,1061.03634,1396.97868,924.19687,929.88763,1589.96779,120.48287,425.15402,397.09569,117.70904,415.07946,408.55324,253.88768,343.44061,251.33645,336.88888,103.15386,466.63400,293.67019,169.03480,69.73707,87.72933,158.72154,66.67411,84.86034,109.36988,83.98565,105.11972,85.69288,32.04773,84.13073,55.10308,
54,0.90180,47.86713,71.22380,468.14913,864.47011,803.85946,1043.16225,1384.64866,47.88717,90.60771,472.42801,878.79459,818.03746,1061.00836,1396.64178,923.76424,929.61481,1589.23470,120.67233,424.16254,396.59893,117.18317,416.09960,409.12108,253.90079,343.29445,251.46472,336.71421,103.16463,466.24168,293.41888,168.84115,69.34649,87.84340,156.35273,65.12811,83.33682,109.53253,84.10609,104.94389,85.39702,32.25044,84.31302,55.07967,
55,0.91850,48.45050,71.82161,467.51230,863.91373,803.62589,1042.29857,1383.72057,48.02798,94.89566,472.03020,878.69263,817.63440,1060.51079,1396.13499,922.75703,928.94378,1588.40219,120.14076,423.53753,396.66878,116.94500,416.09284,411.11218,253.69217,343.17485,251.16570,336.84475,102.98681,466.17418,293.21040,168.78413,69.09864,87.88490,153.43114,63.28081,81.55185,109.82336,84.19563,104.77084,85.10995,31.97783,84.55272,55.04955,
56,0.93520,48.48513,71.98846,467.11322,862.81304,803.27848,1041.20528,1382.83954,48.53345,100.34062,471.17417,877.77417,817.19516,1060.06682,1395.41423,921.69874,928.16930,1587.60070,119.79148,423.52069,395.93300,116.80973,415.02797,413.31232,253.50273,343.33144,250.94110,336.72120,103.14507,466.12050,293.06803,168.68652,68.89093,88.02209,149.99247,61.34254,79.64958,110.19841,84.28974,104.57926,84.81163,31.98397,84.77645,55.02909,
57,0.95190,48.47082,71.70542,466.33424,861.84320,802.98299,1040.23301,1381.85919,49.65811,106.95847,471.59600,875.65620,816.48447,1059.67030,1394.49959,920.70852,927.50961,1586.64527,119.44228,423.56015,395.69659,116.95514,414.02789,413.55462,253.60893,343.30225,251.03190,336.38122,103.27790,465.81406,292.87496,168.78443,68.69167,88.22403,146.22534,59.53956,77.68894,110.70064,84.32509,104.37254,84.48320,32.40914,85.02983,55.00089,
58,0.96860,48.42382,71.41342,465.14221,861.12584,802.50769,1039.33237,1380.64172,51.57742,114.68420,472.98804,875.75798,815.70835,1059.11760,1393.71511,919.68893,926.86725,1585.53948,119.18456,423.20124,396.11531,116.63087,414.22253,415.54106,254.12171,342.99275,251.02700,336.35092,102.71234,465.46444,292.95823,168.87990,68.48186,88.51113,143.04226,57.99267,75.74842,111.27058,84.31013,104.16110,84.13619,32.26388,85.29054,54.96527,
59,0.98530,48.34033,72.04957,464.47552,860.13608,802.13142,1038.17180,1379.46404,54.45087,121.70670,474.51027,875.51132,815.10994,1058.81036,1393.21359,918.51932,926.46487,1584.73919,119.38586,422.56583,395.73528,114.64863,414.87208,417.11317,254.04210,342.92251,251.10467,336.37525,102.15929,465.26794,292.79981,168.54677,68.22023,88.87501,140.90398,56.94462,74.01341,111.70788,84.39997,103.95824,83.78197,32.34846,85.50943,54.94985,
60,1.00200,48.27507,72.73194,463.99299,860.11722,802.16783,1037.26372,1378.49598,57.71886,126.75868,476.02295,875.54005,814.70986,1058.04653,1392.71894,917.70999,926.05221,1584.09225,119.79768,422.04499,396.16334,111.47594,414.90625,418.54586,253.97016,342.84994,250.68711,336.94429,101.51675,465.03428,292.67755,168.22170,67.97226,89.18328,139.80999,56.58629,72.64732,112.23719,84.42100,103.91884,83.33194,32.16688,85.69068,54.93535,
61,1.01870,48.53298,71.29799,463.09818,859.39686,801.97087,1036.32258,1377.47116,59.76990,129.66477,477.72560,876.00844,814.10309,1056.60590,1392.18999,917.02220,925.97900,1583.53825,119.27506,422.92078,396.31137,108.61693,415.27450,419.67129,254.14150,342.76772,250.13101,338.35612,101.00670,464.55102,292.81818,168.99837,67.87391,89.53007,139.95095,56.93714,71.61964,112.76911,84.41782,104.19632,82.65013,32.17832,85.83376,54.91062,
62,1.03540,48.53584,69.92868,462.57437,858.25746,801.71810,1035.41913,1376.53722,60.79446,129.66627,479.33515,876.34311,813.61755,1056.63928,1391.54241,916.11445,926.50104,1583.19038,118.72459,424.21616,395.68964,105.90841,415.86237,420.46551,254.34767,342.75369,250.55473,338.04978,101.50699,463.88943,292.92802,169.62059,67.74709,89.65851,141.08987,57.82157,70.76195,113.25373,84.38946,104.09509,82.16570,32.14035,85.94072,54.88814,
63,1.05210,48.23868,71.71614,462.44341,857.23272,801.93655,1034.74836,1375.93336,61.39117,127.32285,481.05890,876.95633,813.61716,1055.98198,1390.96647,915.48356,927.22448,1582.74483,119.61414,423.34925,394.79080,102.21205,416.48381,421.24702,254.35286,342.85072,249.85526,338.52317,102.31489,463.21429,293.13139,168.68215,67.35147,89.83122,142.73269,59.19906,70.01269,113.75875,84.33889,104.07479,81.69772,32.02284,86.00657,54.82526,
64,1.06880,47.97578,73.47932,461.91392,855.52455,802.50221,1034.43310,1375.59210,61.11663,123.29095,482.82468,878.69092,813.82182,1056.20052,1390.82404,915.12179,927.65934,1582.25911,120.50802,422.03777,393.61120,97.72413,417.44218,422.80860,254.30345,342.85750,249.66439,338.50066,103.30625,462.90666,293.02562,167.78348,66.97283,89.89064,144.86056,61.09178,69.42655,114.22194,84.28358,103.88562,81.30927,31.69480,86.05769,54.70202,
65,1.08550,47.75912,73.82820,460.81391,855.12797,803.28053,1034.37031,1375.33081,60.40752,117.36990,484.17095,880.10287,814.02948,1056.48948,1390.86812,912.90699,926.90731,1581.80086,120.57059,421.45224,394.31497,94.22044,418.01675,424.14527,254.25108,342.70799,249.50963,338.59106,103.70942,464.24436,292.81430,167.51484,66.65853,89.86524,147.58876,63.23449,68.97531,114.65416,84.20056,103.66217,80.94225,30.27525,86.13083,54.59000,
66,1.10220,48.88655,74.30796,459.44143,854.68775,804.03538,1034.01685,1375.07110,59.55006,110.91479,486.19918,881.07136,813.96611,1056.64922,1390.71805,912.30324,928.43310,1581.38545,120.07603,420.85902,395.24894,92.13803,418.87456,424.26939,254.09249,342.86177,249.50785,338.60298,104.54996,463.53072,292.77396,167.77895,66.21317,89.78006,150.52550,65.54066,68.53703,115.17040,84.10322,103.44172,80.60257,30.13137,86.21647,54.52790,
67,1.11890,45.50461,74.54001,458.66257,853.78807,804.70196,1033.64982,1374.88536,58.48960,104.89066,487.02510,881.63684,813.69246,1056.67310,1390.50442,911.62289,928.64539,1581.02108,120.27547,421.20275,395.13589,90.61233,418.15195,424.78499,254.02434,343.08644,249.59536,338.69344,104.65003,463.49587,292.60372,166.03218,65.76993,89.57301,153.23902,68.00102,68.26569,115.68109,84.03492,103.23018,80.26956,30.05724,86.34864,54.49599,
68,1.13560,45.88459,75.47756,458.67203,853.07398,805.30222,1033.49359,1374.64997,56.81324,99.29447,488.31033,881.83976,813.35016,1056.80220,1390.18508,911.07134,928.86813,1580.73146,120.09933,421.73617,394.42996,90.27768,417.99132,424.43716,254.18050,343.03649,249.76644,338.57256,105.10655,463.30350,292.33294,165.73702,65.30574,89.30559,155.61591,70.57534,67.99051,116.14398,83.98765,102.92087,79.94489,29.97068,86.50594,54.53170,
69,1.15230,45.42922,76.58197,457.54797,852.53340,805.97365,1033.31919,1374.27294,54.94550,94.08905,489.42943,881.72055,813.13337,1056.65686,1389.51667,910.26180,929.30283,1580.52912,120.56450,421.24917,395.04337,91.46057,417.70470,423.87197,254.29368,342.87489,249.45753,338.34287,105.18044,462.86635,292.29465,165.02735,64.73046,89.00718,157.66938,73.12057,67.73424,116.62443,83.92104,102.53219,79.66066,30.03707,86.71827,54.65309,
70,1.16900,46.61744,76.31175,456.85329,851.97515,806.84025,1033.17842,1373.67797,54.15386,89.70028,490.40278,881.31968,812.87994,1056.49874,1389.04054,909.20288,929.54368,1580.22586,119.30148,422.36580,395.22408,93.01596,417.40054,423.12828,254.24938,342.48030,249.14673,338.24447,104.93566,462.63348,292.16803,165.58935,64.27835,88.68540,159.96040,75.63668,67.49031,117.10711,83.82397,102.10209,79.45375,30.15891,86.95700,54.78413,
71,1.18570,46.61806,79.40276,456.01214,851.78205,807.52938,1032.88988,1373.03456,54.57268,86.03155,491.48565,880.67758,812.56061,1056.65420,1389.00543,908.41494,929.57297,1579.74091,119.48589,420.52858,395.92321,94.66724,417.23209,422.06673,254.26151,342.20517,249.19167,338.19120,104.72710,462.57170,291.65154,164.07692,63.57246,88.39405,162.38511,78.08725,67.22780,117.59201,83.69846,101.61978,79.32649,30.24947,87.20544,54.86132,
72,1.20240,46.54350,79.56256,455.03902,851.13530,808.01459,1032.50555,1372.43695,55.30458,83.22424,492.58305,879.83469,812.25614,1056.75453,1388.86666,907.10924,929.50187,1579.17872,119.20264,421.26085,396.30875,96.74543,416.59825,420.89138,254.34504,342.10401,249.18815,338.04648,103.41686,462.79108,291.13088,163.92089,63.03089,88.11236,164.07527,80.36193,66.92837,118.04754,83.52848,101.14375,79.23812,30.71007,87.47634,54.92360,
73,1.21910,46.47501,82.30965,454.42858,851.26803,808.25455,1031.98644,1371.45653,55.78168,81.85240,493.75362,878.83147,811.62627,1056.83446,1388.53660,906.04216,929.52467,1578.68151,120.11024,420.39489,397.13460,98.87695,416.24449,419.49580,254.46338,341.78096,249.54717,337.70118,102.86666,462.58236,290.91348,162.64384,62.26378,87.77954,165.17264,82.47027,66.62014,118.45833,83.32271,100.71035,79.17397,30.83590,87.69930,55.03108,
74,1.23580,46.35651,85.52204,454.11307,850.66321,808.44265,1031.20109,1370.41108,56.26088,81.08824,495.24772,877.70836,811.08223,1056.52683,1387.96807,905.38312,928.91048,1577.93742,120.54765,419.32652,396.93355,100.62415,416.83718,417.57739,254.34029,341.66492,249.49712,337.49687,103.07414,462.35013,291.00273,161.04314,61.51486,87.47013,166.14922,84.45590,66.32578,118.86476,83.11668,100.35119,79.11962,30.91425,87.89933,55.11843,
75,1.25250,45.07336,87.75782,453.69201,849.94468,808.87024,1030.44268,1369.57575,56.95090,80.35277,496.61889,876.50581,810.63811,1055.86417,1387.20858,904.67090,927.95410,1576.96744,120.98035,419.00943,396.74155,102.28293,417.76595,415.52685,253.95526,341.72070,249.08456,337.49547,103.20387,462.33391,290.73930,159.34269,60.84025,87.14404,167.14269,86.30916,66.08798,119.25903,82.93374,100.10836,79.03404,30.95282,88.08836,55.15228,
76,1.26920,46.23187,89.61946,452.97177,849.76051,808.77533,1029.68256,1368.42089,57.62483,79.71418,497.03360,875.26425,809.78804,1055.32690,1386.57093,903.55823,927.26213,1575.90857,120.58336,418.95799,397.41027,104.28074,418.13053,414.00562,254.01667,341.46441,249.28785,337.51463,103.04804,462.29468,290.38739,158.91395,60.13585,86.78391,168.09502,88.06140,65.99747,119.58910,82.74453,99.95961,78.92810,30.88199,88.26586,55.17905,
77,1.28590,44.87839,92.71318,452.17145,849.46215,808.27026,1028.82075,1367.28476,58.23553,79.13957,497.48492,874.02415,808.53211,1054.42894,1385.68667,902.32339,925.93575,1574.76549,121.51901,417.77848,398.07238,106.13415,418.75173,412.16098,254.28030,341.34975,249.57116,337.65509,102.76754,462.53324,290.33398,156.82180,59.35428,86.39758,168.86431,89.77183,65.99535,119.85545,82.53387,99.85420,78.81885,30.64364,88.40296,55.22049,
78,1.30260,46.17345,96.10315,452.01863,848.94930,807.96614,1028.10371,1366.46927,59.69008,78.73618,497.86657,872.82593,807.21147,1053.03488,1384.45304,901.62501,924.20763,1573.84322,121.20917,417.08806,397.89948,106.60001,419.65646,410.26759,254.24793,341.39759,249.44001,337.91456,102.57404,462.70169,290.08075,155.67701,58.56859,85.98977,169.92144,88.52346,66.04687,120.02923,82.34752,99.77898,78.73678,30.47559,88.49658,55.27356,
79,1.31930,44.93387,101.36650,452.07884,848.59607,807.27942,1027.30865,1365.36219,62.48356,78.34730,497.26064,871.71006,806.14109,1051.93356,1383.28903,900.73631,923.20307,1572.84581,122.13544,414.77525,397.68290,109.01053,419.38200,409.26097,254.18740,341.20633,249.37117,337.90433,102.42500,462.49944,289.90981,152.48413,57.72320,85.60092,171.65006,87.37187,66.18869,120.05441,82.19443,99.72888,78.69112,30.38705,88.56116,55.30910,
80,1.33600,46.19732,106.59158,451.55891,848.27192,806.35420,1026.54074,1364.36489,65.22320,78.31596,496.68967,870.71697,804.88223,1051.10090,1382.04404,899.60918,922.43621,1571.85706,121.66954,412.43340,398.05493,110.69779,419.39342,408.19739,254.11710,341.11526,249.76916,337.50739,102.30487,462.31647,290.02608,150.24310,56.75657,85.28295,173.29721,86.34217,66.38102,119.95603,82.02395,99.68269,78.67114,30.23941,88.60538,55.34072,
81,1.35270,44.85463,107.66594,451.06109,847.99486,805.66385,1026.31136,1363.85924,66.72523,78.14540,496.04930,869.88711,803.34993,1049.75791,1380.75737,899.00112,921.03016,1571.23954,122.74334,415.54162,398.43506,112.99906,420.68409,407.13038,254.04156,340.99648,249.94789,337.49935,102.11716,462.42618,290.16105,149.22494,55.72140,85.01358,175.00821,85.67165,66.65949,119.71738,81.83388,99.66476,78.72680,30.00653,88.61161,55.37901,
82,1.36940,46.27240,109.37806,450.47837,847.78753,804.68546,1026.14620,1363.47520,67.55619,76.55889,494.77591,869.26092,801.87263,1047.99713,1379.90295,898.44613,919.43595,1570.59349,122.77793,418.56682,398.94130,115.53145,420.55664,406.65714,253.99420,340.91229,249.67067,338.26671,101.91423,462.88970,290.12265,149.07457,54.57281,84.80447,175.99602,85.30414,67.04731,119.32621,81.67487,99.67868,78.86093,29.64602,88.57094,55.38823,
83,1.38610,44.90905,114.35535,449.59814,847.19241,803.19653,1026.02133,1363.23704,67.25208,75.62431,492.98855,868.87885,800.46436,1046.48230,1379.16846,897.58048,918.51480,1569.90618,124.34558,418.62579,399.28436,119.85666,419.94163,406.87594,254.23956,340.91517,249.55660,338.90294,101.92980,463.30268,289.86194,146.05267,53.20133,84.71543,176.64713,85.62778,67.48608,118.79251,81.54098,99.67064,78.99847,29.37960,88.54235,55.39929,
84,1.40280,46.89848,120.05406,449.23808,846.21044,801.85591,1026.50857,1363.16510,64.30148,74.26283,491.09601,868.78136,799.29747,1045.35392,1378.26515,896.39277,917.98132,1569.25384,124.73210,419.48213,398.65280,122.74960,419.84896,407.46745,254.60775,340.46293,249.59298,338.97074,101.91718,463.67462,289.79324,144.09551,51.68985,84.72636,176.35928,86.34233,67.94922,118.08111,81.41383,99.66702,79.13987,29.17681,88.54799,55.40739,
85,1.41950,45.28262,124.91347,448.83507,845.37099,801.15063,1027.27276,1363.35919,58.99628,72.09705,489.56197,869.00887,798.22736,1044.19361,1377.49062,895.75439,917.30174,1568.70515,126.55851,421.82948,398.15109,125.53522,419.85594,407.97065,254.33476,340.01428,249.52063,339.10875,102.35829,464.03656,289.82520,141.01379,50.15891,84.82637,174.94107,87.61110,68.43901,117.25117,81.27210,99.69282,79.36680,28.81329,88.58249,55.40888,
86,1.43620,47.76628,128.18998,447.37466,844.35832,800.35611,1027.98966,1363.69846,52.83596,70.06745,488.18685,869.60184,796.86789,1042.71014,1376.70291,896.70759,917.21065,1568.55908,125.07980,425.28009,398.49509,126.47940,418.83135,408.59906,253.98628,339.82454,249.41898,339.46601,104.24551,463.37556,289.81781,139.99086,48.62984,84.99718,172.47552,89.14802,68.97342,116.33965,81.06315,99.72526,79.68706,28.64485,88.61059,55.49667,
87,1.45290,48.60342,136.74542,445.19183,843.49573,799.33135,1028.79280,1364.39544,48.15546,69.40056,487.04307,870.60072,795.25851,1041.00622,1375.92244,895.22687,917.69194,1568.95825,126.49992,424.52128,399.59837,124.01195,417.37670,409.26274,253.72438,339.92355,249.37342,339.97947,103.93127,463.85086,289.97271,135.83688,46.59396,85.37587,170.00751,89.58591,69.57615,115.26944,80.84425,99.79261,80.08890,28.38313,88.52496,55.63028,
88,1.46960,49.35271,145.47201,444.14967,843.95085,798.89594,1030.79067,1365.96505,45.78913,69.67667,486.62360,871.88726,793.87408,1039.52643,1375.53492,896.59750,917.81485,1570.18015,128.27032,427.20049,400.74278,121.95081,417.00949,409.33798,253.91334,339.76030,249.38699,340.58770,103.13815,463.71871,290.14085,131.47223,44.35318,86.06037,168.66563,88.47439,70.24279,114.04550,80.56514,99.93853,80.58352,28.54299,88.41482,55.76733,
89,1.48630,49.42183,156.52426,442.39673,844.76506,799.00755,1032.51933,1367.89527,44.61369,69.75972,486.61662,873.95618,793.30196,1039.00476,1375.75741,898.32269,920.88690,1571.73105,131.28597,427.95908,402.78050,126.67736,416.70532,409.73540,253.18626,340.24849,249.58674,340.78788,103.19539,462.42411,290.53658,125.34105,41.90670,87.39641,168.23430,87.08106,70.95953,112.74516,80.28142,100.13147,81.16357,29.13220,88.29261,55.89853,
90,1.50300,53.66174,167.80978,439.34807,844.88678,799.61587,1036.54879,1369.90840,44.95035,70.44777,486.25458,876.16078,793.82267,1039.70949,1376.74278,898.20821,923.40120,1572.93808,131.62576,427.38482,405.62044,126.76609,416.27561,410.59850,254.08212,338.57671,249.82729,340.40029,102.57610,462.76447,290.60330,119.87102,39.44072,88.83826,168.04723,85.58568,71.72340,111.18015,79.91839,100.20011,81.92404,29.34872,88.12947,55.88176,
91,1.51970,57.88139,178.93649,438.10324,844.46805,800.94910,1040.15005,1372.10123,44.66236,71.20763,485.49050,877.83852,794.90237,1040.57757,1377.98866,898.97947,925.48412,1573.73912,131.92658,429.63535,406.40468,126.02082,416.48357,411.24219,254.13695,337.55400,249.64887,340.04858,102.30678,463.11303,290.01967,113.43173,37.09641,89.18581,167.88577,84.22512,72.55528,109.75020,79.53594,100.24673,82.84850,29.94771,87.92656,55.70835,
92,1.53640,65.31414,189.65764,435.52108,845.72330,802.37033,1043.08409,1373.96270,44.59435,71.11264,484.66511,878.81298,795.62361,1041.11599,1378.89854,899.85342,926.66904,1574.02919,131.50808,430.32797,410.76243,125.73040,416.77701,411.21276,253.86988,336.96388,249.78745,339.84489,102.14540,463.50904,289.66980,109.00899,34.83918,86.99598,167.87591,82.97781,73.42631,108.53560,79.08434,100.65079,83.67381,29.94457,87.79504,55.51119,
93,1.55310,75.18007,203.85300,433.39241,845.69135,803.16910,1045.30122,1375.32804,44.54218,71.00483,484.12645,878.90201,795.89764,1041.45746,1379.40803,900.98394,926.60651,1574.01772,132.16019,427.05574,414.02665,125.88049,417.19753,410.10141,253.84938,336.65797,250.49849,339.59008,101.53484,463.90192,290.02612,103.20131,32.50891,84.75288,167.78605,81.80582,74.27712,107.48563,78.59905,101.40628,84.35667,30.47360,87.83026,55.31143,
94,1.56980,87.29568,216.51615,433.05067,845.35008,803.54508,1046.85012,1376.38811,44.33735,71.17721,483.32524,878.56422,796.15287,1040.72673,1379.50418,902.47922,927.32060,1574.23252,130.93742,425.63139,415.89883,126.03970,417.14645,408.84333,253.78642,336.69024,250.32368,340.03367,101.76995,463.38952,290.53284,99.29928,30.57579,82.44580,167.50528,80.73418,75.16815,106.53366,78.15902,102.31413,85.06242,31.34294,87.78307,55.15508,
95,1.58650,98.28737,227.69946,434.29267,847.08794,803.77036,1048.26672,1377.30776,44.09963,71.60948,481.82924,878.75505,796.77672,1039.76846,1379.40645,903.18503,928.01000,1574.52385,130.35429,424.77570,418.87854,126.07719,416.50794,408.81421,253.77446,336.62161,249.66447,340.55360,101.27099,463.12576,290.69011,96.90378,29.09773,80.21297,167.24801,79.76761,76.13871,105.55052,77.80743,103.28642,85.78647,31.33820,87.71007,55.01449,
96,1.60320,109.21501,237.65799,436.74365,846.94221,804.31367,1049.84601,1378.31078,44.03702,71.93237,480.74779,879.23057,797.76603,1039.77741,1379.36089,906.02863,928.67780,1574.65504,129.52905,424.23584,418.87449,125.80515,416.21944,408.77783,253.65330,336.35716,249.71947,340.22637,100.62690,461.85586,290.91532,97.43553,27.98398,78.30814,167.02542,78.91015,77.10383,104.54718,77.55355,104.28259,86.46597,32.63092,87.68505,54.79359,
97,1.61990,114.88988,243.22025,439.84365,847.49558,805.38598,1051.51174,1379.59618,44.02540,72.28623,480.12598,879.02545,798.83238,1040.13460,1379.51008,907.65937,929.60425,1575.03102,130.23525,424.83918,419.71026,125.56072,416.27255,407.77257,253.33794,336.29617,250.21528,339.79769,100.66552,461.30859,290.77718,99.82195,27.56555,76.22272,166.75894,78.09721,78.01539,103.71419,77.30231,105.34850,87.13218,33.36627,87.64073,54.52563,
98,1.63660,118.16037,244.59020,443.40220,849.07593,806.76284,1053.05893,1381.09057,44.00623,72.78856,478.94346,878.90078,800.41046,1040.50365,1379.93081,909.27534,930.28124,1575.41526,129.33553,425.01943,421.66671,125.34147,415.93355,407.96798,252.93666,336.70243,250.33114,339.67155,101.54729,461.13953,290.22813,102.17812,27.88612,74.15969,166.51598,77.25842,78.61689,103.16794,76.95894,106.45242,87.81501,33.32144,87.58084,54.19229,
99,1.65330,118.37921,241.61820,447.91112,851.52690,808.88767,1054.42658,1382.64662,43.90707,73.23634,477.57312,878.58660,802.65008,1041.18042,1380.57650,911.49519,930.32931,1575.68305,127.94623,426.14449,423.66074,125.03170,415.68534,408.11300,251.82553,337.47394,250.09024,339.51164,101.70222,461.13562,290.09187,105.59968,28.94921,72.29530,166.31734,76.42344,79.28702,102.83933,76.54147,107.49794,88.49359,33.30826,87.49605,53.82447,
100,1.67000,116.25810,235.18041,453.33475,854.33371,809.76327,1056.06184,1384.00679,43.81208,73.48635,476.49947,877.70501,804.83738,1042.06288,1381.23643,913.75449,930.16591,1575.80491,126.21969,427.50167,425.19041,124.73091,415.23860,407.41692,252.24038,337.81308,250.13546,339.21047,101.49053,461.12771,290.31435,109.58732,30.67987,70.57047,165.88121,75.62598,79.97199,102.47085,76.10725,108.49762,89.14318,33.44454,87.41180,53.48119,
101,1.68670,109.39357,225.97809,459.51419,856.69409,811.06978,1058.45150,1385.06443,43.90295,74.24193,475.44015,876.82910,807.08938,1042.91309,1381.95479,915.97513,929.50983,1575.67295,126.41803,428.92012,425.88515,124.19410,414.64312,406.77996,252.98520,337.09415,250.12940,339.04441,101.83634,461.28462,290.41025,112.75675,32.98449,68.83466,165.44159,74.88412,80.65111,102.09169,75.66503,109.48074,89.75907,33.34309,87.27446,53.14503,
102,1.70340,106.74516,214.30174,465.83705,858.44376,812.29791,1059.20273,1385.90792,43.99502,75.12520,474.31221,876.10097,809.60611,1043.88382,1382.67780,918.27320,928.93048,1575.79903,123.96152,429.92642,426.26789,123.45198,414.86031,406.37529,252.23996,337.66557,250.02377,338.80046,103.18295,461.29285,290.56735,119.81984,35.80301,67.06885,165.34686,74.13869,81.37306,101.81531,75.35199,110.45175,89.63396,33.08316,87.06164,52.87682,
103,1.72010,98.24005,200.59586,471.73978,859.66215,813.29539,1060.70875,1386.45348,43.87943,75.22824,473.31411,875.03750,811.99146,1044.46680,1383.26899,920.16665,929.53950,1576.02604,124.26050,429.99138,426.59055,123.02530,415.07355,405.51426,252.53012,337.26680,249.65908,338.84387,104.95715,460.67046,290.69857,124.54830,39.08785,65.40793,165.09396,73.39528,82.14887,101.56370,74.97061,111.39078,89.08983,33.21695,86.91601,52.68592,
104,1.73680,89.83530,184.85706,477.73974,860.10882,813.84273,1061.05397,1386.80593,43.74683,75.52982,472.80487,873.92453,814.21093,1044.99024,1383.81560,921.73846,930.45827,1575.97583,123.39407,430.39747,425.88853,122.43082,415.66854,404.20754,252.14985,337.75389,249.30379,338.92131,106.75147,459.89558,290.39844,129.64658,42.87666,63.86404,164.79295,72.72554,82.90257,101.36873,74.67036,112.23537,88.62510,33.59972,86.86533,52.51853,
105,1.75350,81.86368,168.55840,483.40123,864.53621,814.16322,1061.53314,1386.75715,43.48118,75.86547,472.26954,873.18630,816.05650,1045.81970,1384.07449,922.62486,923.48615,1575.62536,122.27426,430.22959,426.85044,123.44546,415.02552,403.37122,252.20473,337.68453,249.62817,338.41522,97.96421,462.85506,290.23031,134.85073,47.03157,63.23182,163.77172,71.80071,83.66526,101.24713,74.37706,113.02087,88.22429,33.58279,87.33930,52.38308,
106,1.77020,75.42754,153.05532,488.61240,863.99773,814.14735,1061.35994,1386.29732,43.22557,77.98423,470.72126,872.43942,817.59080,1046.04290,1383.99237,921.91247,924.42866,1575.11537,120.84875,428.94557,424.73865,123.63539,414.39578,403.55569,251.97882,337.73202,249.59157,338.18478,99.02983,462.46669,290.25446,140.03755,51.46346,62.09654,163.26910,71.02501,84.51928,101.17192,74.16894,113.75969,87.85110,33.69969,87.34444,52.27413,
107,1.78690,70.36619,137.83184,493.64527,865.52653,813.61007,1061.01001,1385.71457,43.19559,78.82184,469.17952,871.34245,818.98459,1046.19804,1383.39836,923.35181,924.70203,1574.26618,120.44444,429.15929,424.56343,123.71367,413.89231,403.45420,252.14547,337.78093,249.39940,337.50605,100.33299,461.02596,290.27900,145.93899,55.99853,61.14546,162.92530,70.28569,85.40366,101.14389,73.99575,114.35870,87.54970,33.64296,87.32955,52.14834,
108,1.80360,66.15227,122.98167,497.72249,865.66442,813.08246,1060.80192,1384.91453,43.16632,79.52475,468.54958,870.11845,819.82148,1046.38479,1382.71918,923.73828,924.45369,1573.20249,121.03416,430.38556,423.06822,123.66893,413.56088,402.39212,252.45683,337.45480,249.64297,336.70545,100.98421,460.20087,290.45522,151.99972,60.53335,60.41583,162.21182,69.58090,86.32313,101.12740,73.82509,114.83960,87.29854,33.81437,87.37156,52.03194,
109,1.82030,63.36726,110.10715,500.44262,864.57278,812.52756,1059.77039,1383.96032,43.02619,80.95179,467.68204,869.23583,820.19238,1045.85703,1382.30160,923.13427,922.01481,1572.32815,121.59064,430.39593,421.09755,123.64122,413.00304,401.99817,251.96896,337.69283,249.50473,336.89155,100.70216,461.00389,290.63405,157.39621,65.07494,59.84263,161.40908,68.86039,87.29442,101.12494,73.73315,115.25903,87.03694,33.55639,87.46400,51.95555,
110,1.83700,62.50777,99.18747,502.31919,863.82987,811.41918,1058.34905,1382.88721,42.77925,82.44907,466.58584,868.62412,820.49715,1045.47151,1381.50884,922.58247,921.12122,1570.98568,122.25138,430.09382,420.05762,123.79379,412.68015,402.21711,251.67657,338.15832,249.39696,336.55667,101.08873,460.76979,290.78893,162.54255,69.59576,59.37875,160.69285,68.08063,88.27995,101.15567,73.67356,115.57639,86.80534,33.38036,87.53161,51.83043,
111,1.85370,64.19544,90.25879,503.69802,863.88930,809.86042,1057.36365,1381.63584,42.50259,83.71456,466.11280,867.66370,820.47775,1045.46126,1380.59579,921.90503,920.09096,1569.26184,121.82735,429.62049,419.45255,123.61863,413.04309,401.58216,252.31618,337.99626,249.84181,335.69834,101.21061,460.52916,290.89591,167.64844,74.21522,59.16523,159.95332,67.35687,89.27345,101.21913,73.60707,115.78395,86.66764,33.06205,87.56685,51.64956,
112,1.87040,68.06865,84.97047,503.87972,863.26530,808.24843,1056.28410,1380.34925,42.26886,84.88254,465.46293,866.15774,819.89611,1044.73592,1379.69157,920.49917,918.85781,1567.85280,120.98575,427.03011,418.69539,123.33357,413.22090,400.69872,252.96909,337.85038,249.97897,335.54103,101.09169,460.74253,290.71745,171.97050,78.79798,59.12373,159.13149,66.59793,89.73526,101.34427,73.56679,115.92442,86.60387,32.93390,87.59920,51.51069,
113,1.88710,72.49498,82.23946,503.07980,861.76952,806.46056,1054.62645,1378.83128,42.28670,86.20874,464.06582,864.36766,818.90235,1043.02148,1378.25722,918.87915,917.26716,1566.05790,120.03888,424.01248,417.65804,123.26960,412.72287,400.37920,253.26415,338.02800,249.38300,335.82989,100.96736,460.86566,290.78437,175.34434,82.97638,59.17578,158.25241,65.67222,88.86213,101.52594,73.54840,116.02130,86.58006,33.00506,87.61757,51.36582,
114,1.90380,77.88441,79.65297,501.78823,859.09086,804.34548,1052.39190,1376.77177,42.39919,87.96599,462.76352,862.67022,817.44342,1041.36520,1376.59262,917.23928,915.17764,1563.72641,120.90766,422.85883,416.68528,123.28057,412.26785,400.12810,253.33542,338.19677,249.14197,335.80293,101.82935,460.87367,291.22980,179.16199,86.63647,59.02804,157.15096,64.61495,88.08243,101.73844,73.55629,116.01120,86.63385,32.90700,87.60153,51.19969,
115,1.92050,83.73162,76.84970,499.96344,856.91614,801.91154,1049.94215,1374.26557,42.38893,90.27545,461.88051,861.22690,815.51946,1040.12264,1375.15897,915.45746,912.80000,1561.78436,120.81203,423.11382,415.47247,123.30518,412.75579,399.75722,253.48945,338.08596,249.58458,335.55510,101.88494,461.00589,291.26820,183.26513,89.95125,59.21348,156.02049,63.48669,87.39085,101.92228,73.58616,115.86233,86.80235,32.70569,87.53590,51.13737,
116,1.93720,89.19673,77.79271,497.88586,854.79453,799.46339,1047.31925,1371.77124,42.33810,92.50750,460.83315,859.86682,813.22873,1038.69090,1373.59341,913.61552,910.63379,1559.88982,120.93736,420.53561,414.32875,123.15892,413.38441,399.64555,253.50337,338.16699,250.00446,335.34169,102.03992,461.00981,291.34916,185.41015,87.36014,59.46803,154.78713,62.29706,86.81780,102.12679,73.61668,115.60834,87.05603,32.47447,87.45086,51.10760,
117,1.95390,93.70484,77.31332,495.07183,852.81919,797.27609,1044.42339,1369.74437,42.31846,94.80800,459.47204,858.28390,810.66919,1037.10928,1371.79485,912.01334,908.82436,1557.95344,120.45799,419.19111,413.60452,123.25817,413.32210,399.62367,253.06048,338.97610,250.24323,335.04521,102.30313,460.84046,291.73312,187.81987,85.25071,59.86927,153.11666,60.96721,86.33611,102.42045,73.67235,115.20128,87.33370,32.42933,87.34709,51.05850,
118,1.97060,96.39498,77.05835,494.45574,851.75803,795.11712,1041.75357,1367.91911,42.33691,98.05945,457.91615,856.59110,807.97859,1035.43585,1370.38035,910.26071,906.89332,1556.65355,122.57988,419.44891,411.77734,123.75866,412.78251,399.66558,252.80815,339.72323,250.19546,335.23172,102.10999,461.10466,291.80743,189.07498,84.31997,60.18552,150.99156,59.46259,85.95394,102.69623,73.74906,114.62469,87.61667,32.18950,87.23628,51.06168,
119,1.98730,97.02558,74.57120,493.43959,851.59204,792.90814,1039.59445,1365.86967,42.32443,102.35936,456.28779,854.95250,805.22926,1033.77389,1369.49470,908.40445,905.18421,1555.46351,123.39802,421.40299,410.78707,124.54855,411.66556,399.80497,253.07387,339.79922,250.05326,335.92703,101.49287,461.45453,291.96110,190.48300,83.70189,60.66868,148.30738,57.83800,85.66058,102.91028,73.77121,113.94674,87.98089,31.82232,87.14893,51.04965,
120,2.00400,94.84919,74.09446,492.41685,850.96122,790.88598,1037.90810,1363.82976,42.32139,107.76510,455.02012,853.42393,802.52188,1032.61691,1368.72444,907.58936,904.20018,1554.38561,119.74300,420.90103,409.34972,125.63125,410.76002,399.69179,253.64621,339.57408,250.22357,336.22800,101.45031,460.99072,292.44305,189.98004,83.64368,61.14228,145.32876,56.16464,85.38799,103.13306,73.68844,113.14715,88.45471,31.95705,87.04478,51.08554,
121,2.02070,90.43768,70.56033,491.23451,849.80470,789.33336,1036.88851,1362.24839,42.35800,113.79695,454.15111,852.38571,800.19800,1032.24402,1368.22823,906.94729,903.53575,1554.14006,121.25624,422.43629,407.65703,126.96800,410.19146,399.66188,254.20864,338.98739,250.49231,336.04005,101.73958,460.64445,292.73023,189.43377,84.75392,61.58471,142.03647,54.42941,85.14529,103.14766,73.68924,112.13449,88.94396,32.15039,86.95009,51.23729,
122,2.03740,83.39897,67.33430,489.65698,849.01059,788.24663,1035.49749,1361.47332,42.44823,120.47220,453.40864,852.10861,798.36565,1032.24986,1368.25339,905.87199,902.53003,1554.17855,120.07616,423.33332,406.83244,127.99110,409.71342,400.23623,253.91052,339.53208,250.51289,336.01586,101.37891,461.34102,292.73797,187.68751,86.02898,62.03455,138.31526,52.67405,84.96727,103.16153,73.74533,111.00238,89.49749,31.94174,86.88051,51.34097,
123,2.05410,74.46119,67.15263,488.82369,848.84361,787.72748,1034.02854,1361.45399,42.57794,127.57536,452.94746,852.33382,796.78338,1032.46296,1368.60462,905.92616,901.74739,1553.70000,119.99088,421.97937,406.22122,128.66631,409.29198,400.98281,252.94282,340.84037,250.54637,336.14353,100.77781,461.90992,292.66620,183.49156,87.79828,62.39959,134.02617,50.94151,84.87457,103.16896,73.86203,109.84598,89.79709,31.89132,86.79504,51.29358,
124,2.07080,69.61338,66.05548,489.93803,850.03517,787.87475,1034.66871,1361.85601,42.83548,135.10121,452.85159,852.39281,795.62377,1033.41452,1369.49967,907.73469,901.54194,1556.07441,120.97182,423.90384,404.97797,130.25950,408.25558,401.09333,253.27608,340.42773,250.88765,336.13160,99.75160,461.78971,292.85828,181.68515,89.41404,62.76189,128.81992,49.08023,84.94683,103.00059,73.95818,108.60399,89.03592,32.37863,86.72243,51.63286,
125,2.08750,64.47556,66.22164,492.05070,853.23522,788.36611,1035.80702,1362.84363,43.55617,144.33273,452.89346,852.52865,795.25434,1035.03957,1371.08130,910.78490,903.12440,1558.41737,121.28001,425.87782,404.33669,133.02509,407.91806,400.99261,253.79163,340.11882,251.10940,336.20929,102.09833,460.73758,293.19396,179.17519,89.12150,63.27971,123.44945,46.99453,85.27321,102.85460,74.04759,107.28193,88.17958,31.97524,86.76353,51.91333,
126,2.10420,58.89986,65.90931,492.40220,857.26544,789.61370,1036.88704,1364.56115,44.63638,154.55803,452.82892,853.90795,795.89583,1037.20570,1373.04725,914.16561,904.44689,1560.08383,121.29847,426.83478,406.21198,136.20328,407.61152,402.04563,253.45531,340.36964,250.90654,336.22684,102.78690,460.21295,293.03208,176.68764,87.69524,63.91534,117.64507,44.85611,86.01500,102.69055,74.29227,105.90737,87.24550,31.50477,86.79450,52.00536,
127,2.12090,52.79628,64.68720,490.36487,859.30606,791.71097,1039.11440,1366.71833,46.26769,165.29946,452.29234,856.26654,797.06960,1039.89951,1375.08403,917.39448,905.24260,1561.13665,121.00928,426.58643,407.69415,139.62431,405.30105,404.46126,253.41745,339.74685,250.87369,335.89667,102.40216,460.26650,292.61980,174.36149,86.24826,64.80761,110.69648,42.79924,87.17657,102.51737,74.62564,104.55793,86.25722,31.51380,86.86504,51.94123,
128,2.13760,47.04689,63.52982,487.56953,860.68307,793.55249,1041.57471,1368.91849,48.94577,176.88919,450.89672,858.13141,798.25238,1042.42999,1376.93272,918.05803,906.46030,1562.06291,120.99440,425.74892,409.16618,143.31875,402.78118,407.35880,254.02217,338.86793,250.91146,335.64418,102.16997,461.41785,292.22042,172.17133,84.85325,65.75899,103.72316,40.70685,88.57420,102.48773,75.00498,103.31403,85.26231,31.14688,86.71845,51.85598,
129,2.15430,43.42373,62.68951,485.21183,862.02767,794.70788,1042.04118,1370.62374,53.28728,188.17910,448.82479,858.96104,799.38243,1044.06890,1378.22228,918.65391,907.78838,1562.36779,120.98008,425.13915,409.53176,147.47685,399.83667,410.13910,253.57131,339.47732,250.47739,335.84160,101.89051,462.04520,292.10612,170.83796,83.62878,66.93405,97.26341,38.55663,89.77509,102.74519,75.43531,102.35440,84.24173,31.15964,86.52651,51.70951,
130,2.17100,42.03668,62.10998,483.69149,863.10141,795.36709,1042.71900,1371.68042,59.66735,199.58418,446.65814,858.84519,799.84289,1044.64264,1378.79688,919.00122,907.87575,1562.01769,120.39280,425.26206,408.62745,152.28389,395.88594,412.47014,253.97053,339.29083,250.01040,336.50018,101.50729,462.73009,292.45284,170.40340,82.44570,68.19309,91.18255,36.36158,87.86569,103.11921,75.81601,101.72837,83.21972,31.11791,86.35576,51.49046,
131,2.18770,41.42803,62.04226,482.60596,863.20841,795.70337,1042.99530,1372.18073,71.90957,211.91943,445.19605,858.12356,799.44974,1044.64387,1378.89191,918.68081,907.05737,1561.86239,120.24256,425.71875,406.82137,151.73264,393.15965,414.05237,254.36672,338.94654,249.83439,337.15652,101.00427,463.64132,292.82977,170.12980,81.06400,69.30848,93.14350,34.33522,85.76453,103.55483,76.20630,101.07028,82.45805,31.11653,86.27413,51.30629,
132,2.20440,41.08218,62.12469,481.40353,863.13245,795.81637,1042.50028,1372.21525,84.91124,223.41553,444.60256,857.37878,798.83467,1044.63015,1378.69985,918.29514,907.05949,1562.10895,120.60671,426.21999,406.24332,148.80279,392.08643,415.31103,254.29243,338.94783,249.82870,337.38025,101.93353,463.75638,293.55855,169.95336,79.63521,69.98477,95.96248,32.67314,83.65564,104.06093,76.58621,100.31961,81.95626,30.94489,86.27068,51.18897,
133,2.22110,40.86785,62.20500,479.95188,865.30890,795.91711,1042.20505,1372.23100,97.82236,232.91197,444.67616,857.20075,798.42862,1045.78852,1378.85395,920.22567,908.42864,1562.93395,120.82775,426.47473,407.21999,147.23044,389.76648,416.98412,254.39010,338.70901,250.81125,336.66138,101.95668,462.15019,294.22679,169.83003,78.37834,71.13084,98.23948,31.06367,81.60235,104.50910,76.98853,99.52650,81.60767,31.36428,86.34382,51.11043,
134,2.23780,40.53392,62.31085,478.21232,866.43928,796.56033,1042.63835,1372.64461,109.09014,243.53694,446.78395,858.04863,798.98127,1047.58974,1379.75165,923.10433,910.23050,1563.87437,121.09357,426.41309,407.19233,141.08562,389.12664,418.10854,254.57384,338.05683,251.47410,335.88669,101.87295,460.41649,294.35584,169.64116,77.24165,72.43489,99.15031,30.65042,79.60871,104.85367,77.46081,98.66849,81.44874,32.28744,86.43416,50.92295,
135,2.25450,40.15304,62.44915,476.28469,865.65068,797.96680,1043.10393,1373.41371,116.10388,248.38448,450.98216,860.04054,800.67075,1048.74646,1381.11393,924.06702,912.45727,1564.43297,121.34337,426.14886,405.74263,136.22022,389.40453,418.65405,254.10948,337.70951,250.77934,336.54856,102.10540,459.84781,294.33195,169.41346,76.18323,73.65631,98.14884,30.90535,77.69911,105.28066,77.97361,98.43143,80.94866,32.86599,86.51249,50.59761,
136,2.27120,39.93828,62.54301,474.55899,865.62714,799.93580,1043.60321,1374.48462,121.12224,250.95229,455.91907,862.83811,802.84747,1050.29358,1382.75488,925.23744,915.75475,1564.75717,121.55402,426.14057,404.92637,125.62215,391.91066,419.56228,253.26568,337.69041,250.10019,337.23264,102.45462,458.94169,293.97124,169.28402,75.19726,74.95713,97.50823,32.43952,75.88866,105.83401,78.46452,98.36513,80.34005,33.30474,86.56733,50.21540,
137,2.28790,39.83656,63.00685,472.76213,866.94102,802.02501,1044.74865,1375.68327,119.36446,245.67038,461.06892,865.67482,805.06896,1052.34888,1384.45405,925.73992,919.28529,1564.49507,121.53548,425.60399,405.46971,120.99959,393.72114,420.60457,253.01484,337.24756,249.86712,337.44586,101.84350,458.33401,293.74866,169.01092,74.30521,76.43713,94.44226,34.15378,74.13675,106.40716,78.88630,98.26287,79.78241,33.49127,86.65000,49.74457,
138,2.30460,39.67140,64.40428,471.04296,865.54886,803.99264,1046.05697,1376.75172,117.25237,240.00237,465.93181,867.83624,807.06300,1054.19895,1386.11370,925.24099,921.90983,1563.71815,120.70976,423.91858,403.53990,110.03728,397.69688,421.70161,253.09326,336.45775,249.66743,337.72493,101.75722,458.59312,293.85430,168.17815,73.57499,77.84350,90.65725,36.87070,72.36475,106.98619,79.36985,98.17665,79.34643,33.98265,86.74260,49.16684,
139,2.32130,39.55521,63.88573,469.70167,864.58753,805.69568,1046.91414,1377.74414,113.19742,227.28266,470.52100,869.67713,809.29196,1055.82616,1387.33030,924.54153,923.96096,1562.57579,121.66441,425.07853,402.16619,101.05198,400.81896,423.17404,253.02412,335.89987,248.97282,337.59626,102.31872,459.00135,293.93305,168.46567,72.67591,79.07113,94.38212,39.79436,70.59443,107.58073,80.02229,98.03644,79.08845,33.93011,86.78946,48.49670,
140,2.33800,39.37022,64.60121,468.51609,863.62740,806.95255,1047.49855,1378.73394,106.50166,213.95548,475.10494,871.09435,808.58496,1056.71070,1387.69987,924.39038,925.70983,1561.12220,120.67819,424.58248,401.50190,94.26893,403.27573,424.93557,253.12876,335.57024,250.56125,337.22330,105.31501,458.87052,294.48058,167.93331,72.04004,79.75338,99.57569,43.11334,68.72105,108.15070,80.77015,98.00581,78.95563,33.21039,86.81516,47.84334,
141,2.35470,39.15973,66.10617,467.42143,861.84050,808.11629,1047.88025,1379.41541,98.17368,199.45996,479.62061,870.71810,809.21612,1057.22248,1387.67508,924.42854,926.55229,1559.37736,121.94128,424.09329,399.48716,88.85399,404.77301,426.09208,253.23032,335.19754,250.57330,336.70890,108.49101,458.75175,295.73051,167.23512,71.12702,80.85325,103.97580,46.82551,66.60813,108.77855,81.51199,98.21882,78.92750,33.07300,86.83015,47.19832,
142,2.37140,39.41751,67.20055,465.96596,863.02384,809.36477,1048.07778,1379.38965,89.24574,184.40110,484.02841,871.28716,809.69747,1057.48013,1387.34270,923.83505,926.67009,1557.05709,122.15408,423.29860,400.77038,84.39318,405.36833,426.33963,253.22368,334.38986,250.50443,336.11644,107.75635,458.80624,295.68710,166.85515,70.38837,82.18460,107.97503,50.87542,65.26765,109.49975,82.20936,98.46433,78.91988,32.62171,86.84005,46.54116,
143,2.38810,39.60161,69.13275,464.39207,860.93575,810.25809,1047.83004,1379.04463,79.96062,169.52403,488.25018,872.00681,809.41965,1056.57526,1386.16262,922.36842,926.76721,1554.77715,121.93398,421.48943,399.26070,81.88656,406.49244,426.87939,253.19407,333.76532,250.09821,335.84638,108.26902,458.71149,296.48708,165.98601,69.67101,83.30110,113.33792,55.02202,64.01620,110.24108,82.90121,98.80835,78.91085,32.44789,86.87851,46.02125,
144,2.40480,39.37875,68.47637,462.71867,860.68588,810.55654,1046.79496,1378.46059,70.62820,155.15247,491.48539,872.55861,808.61802,1055.08152,1384.78563,920.53880,926.62626,1552.63132,122.34108,422.65464,399.72927,77.33446,409.34632,428.05788,253.04897,333.75188,249.69328,335.95861,107.92397,458.69895,296.96982,166.24268,68.86291,84.60727,119.46573,59.71805,62.89496,111.01093,83.57950,99.23596,78.91672,31.85156,86.91856,45.55925,
145,2.42150,39.37394,69.81209,460.37267,861.68429,810.55915,1045.57014,1377.41330,61.96857,137.96466,493.75305,872.56162,807.49945,1053.68752,1383.75946,919.02704,925.90703,1549.73704,121.74452,420.93723,402.29019,70.78472,415.25544,428.67862,253.06002,333.54537,249.71736,336.33328,107.22379,458.78524,297.16269,165.52338,68.09108,85.99167,127.69525,64.80290,62.07971,111.77935,84.19810,99.65470,78.91685,31.07065,86.90137,45.02394,
146,2.43820,39.16629,70.41788,459.32609,859.05196,810.56116,1044.27500,1376.20007,55.02249,117.98382,495.47410,872.64724,806.01593,1052.33563,1382.15072,917.54757,924.70390,1546.37168,121.57369,421.55597,400.31856,67.59725,417.08587,428.57537,253.06590,333.32254,250.07319,336.09314,108.39639,458.72930,297.75595,165.10631,67.29366,86.87053,133.97555,69.93830,61.64192,112.56108,84.74059,99.94992,78.89806,30.65616,86.86945,44.51426,
147,2.45490,38.70595,70.29635,457.65612,857.05838,810.56168,1042.71803,1374.68209,50.16404,103.67280,495.99320,870.08828,804.45648,1050.81406,1379.83096,915.55147,923.04684,1543.07534,120.83993,422.34979,399.68596,67.59994,417.18851,427.15487,252.94568,333.11443,250.52468,335.32644,109.75872,458.63067,298.36718,164.84742,66.50487,87.82971,140.43672,74.88184,61.12988,113.40049,85.22590,100.47518,78.85745,30.50759,86.88372,44.09304,
148,2.47160,38.58838,74.81565,455.82676,855.03646,810.46680,1041.28383,1372.91290,47.32778,93.22515,495.40290,869.42076,802.92075,1048.96478,1377.34862,913.37702,921.26083,1539.88062,121.97544,419.10920,399.25435,68.27475,417.94959,427.34787,253.03939,332.56320,250.52473,334.70423,109.17484,458.48189,298.63292,162.72446,65.37245,89.13150,147.51184,79.83204,61.06157,114.20040,85.69348,100.86288,78.83748,30.30129,86.89073,43.72971,
149,2.48830,38.45849,75.23986,453.54537,853.18857,809.99482,1039.58111,1371.00627,46.66575,84.00411,493.85548,866.62615,801.30312,1046.75810,1374.89571,911.05303,919.25653,1536.67518,121.78148,420.13245,399.64750,70.28601,418.83462,426.54700,253.15009,332.17388,250.27874,334.46452,109.26053,458.48052,298.71906,162.42285,64.20809,89.72254,154.56697,84.62624,60.91027,114.92563,86.14120,101.27747,78.82769,30.37047,86.85792,43.39871,
150,2.50500,37.94748,76.77035,451.88203,851.54173,808.92036,1037.53649,1368.55817,48.43553,76.85415,491.34544,865.68209,799.21264,1044.07397,1372.50868,908.45387,916.45441,1533.15590,121.93357,421.02026,399.75947,73.83530,419.27156,427.31560,253.49135,331.63054,250.15949,334.81374,108.57783,458.79014,298.90680,161.43660,62.98580,88.70838,161.29174,89.12830,61.15789,115.60344,86.51637,101.82316,78.78753,29.72434,86.79886,43.07560,
151,2.52170,37.59478,79.94349,450.87527,849.87838,807.72270,1035.43452,1366.02909,52.42771,72.12113,488.31500,859.98006,796.80457,1041.23815,1369.89357,905.83695,913.29347,1529.50049,121.98851,421.29264,399.29129,80.00790,419.93852,424.08930,254.01343,331.11748,250.17364,334.99112,109.37041,459.15804,299.33934,159.68934,61.69004,87.81167,168.02433,86.78898,61.20126,116.31222,86.76828,102.30734,78.82873,29.96635,86.68756,42.76300,
152,2.53840,37.67207,83.45545,449.54116,848.04847,806.93158,1033.04357,1363.64440,58.45465,69.03117,484.86902,857.58891,794.36966,1038.26517,1367.93547,903.03019,910.29534,1525.94962,121.69638,421.24846,399.03798,86.13462,420.01821,421.77849,254.04742,331.07682,250.03681,335.82333,107.59482,459.97026,299.42273,157.90376,60.34053,87.03347,173.85361,83.33736,62.08224,117.13006,86.91602,102.73504,79.00496,30.02481,86.51920,42.37682,
153,2.55510,37.77551,86.91190,447.93320,845.91527,805.91685,1030.61486,1361.13736,65.35948,67.67821,481.24083,854.41910,791.94442,1035.59054,1367.82692,900.23181,907.38637,1522.46847,121.52559,421.92087,398.75156,91.74225,418.56960,423.05122,254.03973,330.97018,250.22770,338.12348,110.06813,461.62872,298.46191,156.15397,58.82523,86.42873,178.22306,80.66280,61.89008,117.81808,87.00828,103.18013,79.28235,29.16289,86.30140,41.82308,
154,2.57180,37.89909,89.45536,445.99364,843.57980,804.40148,1028.32149,1358.94110,70.38447,68.20464,478.04893,853.09216,789.57533,1033.09059,1363.56625,897.94357,904.63999,1519.44588,121.59468,424.59379,398.54561,101.91809,417.61902,421.36937,254.28682,331.06436,250.56892,336.23350,108.50762,461.04376,299.20646,154.91581,57.10276,86.01237,181.28650,78.99466,62.87240,118.29554,87.01850,103.63706,79.37107,29.20790,86.06296,41.76013,
155,2.58850,38.18422,95.64688,443.80653,841.86747,803.29569,1026.30686,1357.17720,71.94782,68.09593,475.82696,848.80350,786.82564,1030.30471,1360.88266,895.99182,902.16468,1517.01528,123.22916,425.12412,399.14968,108.73424,417.94995,420.58942,254.37186,331.34570,250.97564,336.12128,111.72922,461.17572,299.29255,152.20874,54.97369,85.75607,182.97954,78.47081,62.46511,118.75956,86.91926,104.04898,79.56954,28.74760,85.81346,41.60042,
156,2.60520,37.99709,101.69091,441.99075,839.43640,802.58053,1025.03017,1355.79312,70.65500,66.29516,474.78136,847.52633,783.93162,1027.28593,1358.81126,894.29582,900.23518,1514.86152,123.87572,426.67169,398.60442,116.55224,418.89697,419.04930,254.45877,331.28314,251.17242,336.85389,111.73532,461.40910,299.33680,149.06167,52.89166,85.61901,183.55689,79.10321,62.80253,119.05664,86.77746,104.34276,79.78505,28.77008,85.56867,41.43439,
157,2.62190,37.30116,108.53103,440.21509,837.55614,801.70070,1024.02625,1354.81899,64.82452,63.42322,474.76998,846.39035,781.53846,1024.58032,1356.80590,892.79904,898.91561,1513.08211,124.68786,428.39613,398.58849,122.34688,420.20875,417.87017,254.55850,331.38323,251.00947,337.31146,111.84930,461.50716,299.52705,145.16600,50.73016,85.45475,182.26840,80.77705,62.77980,119.15441,86.56786,104.48458,80.02749,28.79642,85.28869,41.32974,
158,2.63860,36.97291,116.83002,437.00259,835.74251,801.04353,1023.20823,1354.04654,54.96151,59.98133,475.23387,845.08645,779.69914,1022.38920,1354.86529,891.18124,898.12527,1511.72853,126.03276,429.21593,399.97803,125.02838,419.42993,416.78424,254.48702,331.55251,250.71246,337.25381,112.18729,461.59012,300.13825,140.68726,48.23430,85.47960,178.21298,83.06742,62.53970,119.19987,86.22744,104.54317,80.33390,28.90829,84.94508,41.26591,
159,2.65530,36.98574,126.58815,435.23296,833.59270,800.82800,1023.27589,1354.02139,42.01207,58.86094,476.01387,844.84931,778.20751,1020.54040,1353.54618,889.52167,898.40299,1510.78764,127.56409,430.84772,399.41274,125.04627,417.09461,415.94176,254.50489,331.60841,250.38031,337.40389,112.64074,461.92190,300.54696,135.38503,45.74936,85.82750,171.62410,85.44625,62.45928,119.07614,85.85459,104.57563,80.72831,29.07303,84.52299,41.10272,
160,2.67200,37.29962,137.62825,430.53342,831.65379,800.48982,1024.00846,1355.11595,36.28694,60.22951,477.40450,845.50174,776.82535,1019.12731,1353.42970,888.24580,900.33414,1510.55948,130.15768,430.44775,401.90373,123.75681,416.83708,414.66778,254.89154,332.14012,250.30918,338.23449,113.03655,462.46197,300.35752,129.57862,42.87453,86.41091,168.53266,87.72014,62.57652,118.73532,85.46972,104.54109,81.24440,29.52549,84.05381,40.79350,
161,2.68870,38.30374,149.90559,428.49229,830.16888,800.28703,1024.95620,1356.93117,35.33418,60.89409,478.50740,846.23704,775.92203,1018.71563,1354.03545,887.67942,903.64369,1510.90787,132.88165,432.76900,402.02500,125.53479,417.49291,413.72248,255.00128,333.22037,250.48033,338.61790,113.90124,462.67783,300.18098,122.88217,40.06538,87.60306,168.19702,89.88113,62.71866,118.23858,85.03377,104.24093,81.98612,30.29157,83.61964,40.45033,
162,2.70540,40.19392,162.21883,426.13391,829.42399,801.02144,1026.72413,1359.65040,34.78588,61.01523,478.42356,847.62696,776.32302,1019.16322,1355.19390,887.71905,907.43137,1511.30057,134.90586,433.46293,403.33585,129.07154,417.07049,414.62234,254.62407,334.41016,250.19721,338.70629,115.22368,463.04301,299.76204,115.24982,37.50173,89.12524,167.93049,87.40223,62.92258,117.58189,84.58945,103.93876,82.78278,30.82511,83.25347,40.00353,
163,2.72210,43.06965,173.11675,423.96591,829.53472,802.57716,1029.88468,1362.56191,34.29436,61.77795,477.93958,849.48358,777.86796,1020.59189,1356.77921,888.07499,910.74400,1511.65455,135.58207,433.53696,405.65746,127.36156,417.30811,415.52968,254.61208,334.43615,249.81777,338.32181,116.19265,463.74810,299.28328,106.43748,35.34831,88.79066,167.39398,85.19058,63.39067,116.78603,84.11022,103.69663,83.54972,31.02860,82.95857,39.52161,
164,2.73880,54.49184,185.20033,422.20840,829.80633,804.05594,1033.00771,1364.62294,34.13480,62.09403,477.25350,851.24517,779.46490,1022.26638,1358.30482,888.82972,912.91521,1512.15531,133.50011,433.34101,408.34730,124.69540,418.11652,415.55431,254.67535,333.69821,249.90627,337.79538,117.00731,464.30775,299.29985,101.74789,33.15249,86.51711,167.14976,83.43335,64.14747,115.98208,83.58403,103.70480,84.14284,31.04369,82.73520,39.17769,
165,2.75550,67.80577,199.51048,421.39965,830.99228,804.66539,1034.83476,1366.34047,34.04434,61.87102,476.10646,853.04428,780.89979,1023.18447,1359.72493,890.90916,914.35789,1512.87289,132.41775,429.19529,412.00437,126.21101,417.56392,415.49246,254.51724,333.97077,249.70071,338.04827,119.03572,464.29625,299.53299,95.95953,31.12645,83.78667,166.64090,81.41511,65.11380,115.27425,83.02354,104.00876,84.57547,30.60785,82.56058,38.93253,
166,2.77220,82.27306,212.50021,421.70753,833.98262,804.90592,1036.33771,1368.42458,33.92911,63.20954,475.11952,854.77369,782.50363,1023.93421,1361.32007,894.54277,915.68921,1513.82193,130.24967,426.61360,417.75193,124.61780,418.48052,414.71475,254.42061,334.92385,249.21269,338.69097,121.96048,463.73420,299.47531,91.07716,29.36245,80.70161,166.55176,80.05438,66.26234,114.55250,82.52654,104.36595,84.95747,29.86472,82.47932,38.70085,
167,2.78890,93.63540,225.85792,424.69320,837.22335,805.54655,1038.37931,1370.77268,33.91294,62.91478,474.36124,856.56164,784.39990,1025.73985,1363.73302,898.18040,917.07733,1514.90726,132.23643,424.50288,421.99283,123.19809,419.66911,413.48502,254.16790,335.42996,249.41646,339.12184,123.02059,463.48604,298.97245,90.84252,27.92658,77.83345,166.55657,78.87893,67.56016,113.65205,82.27394,104.63039,85.31306,29.58082,82.58761,38.39504,
168,2.80560,102.83908,234.30515,428.95612,839.75689,806.30341,1040.79493,1373.01539,34.04065,62.55833,473.41450,858.60374,786.80291,1028.27478,1366.93140,901.88693,918.76106,1515.84526,131.54768,425.94795,424.58268,123.94369,419.59222,412.63679,254.00607,335.32499,249.88569,339.63490,123.13427,463.37926,298.30179,92.02978,27.18907,75.35185,166.15573,77.53175,68.97541,112.61429,82.18676,104.92015,85.63911,29.76888,82.71471,37.99389,
169,2.82230,109.14458,241.04631,433.82059,841.88199,807.12270,1043.18334,1374.84074,34.12188,63.70214,471.95124,858.02722,789.72474,1030.56448,1369.66886,905.51602,920.34375,1516.61235,132.46783,424.95776,426.28828,125.66175,418.57123,409.76964,254.04752,334.87470,249.71135,339.91989,123.56816,462.99373,297.75592,95.30982,26.97343,73.17532,165.49307,76.10922,70.41149,111.69860,82.04077,105.32810,86.01923,30.63588,82.77155,37.60252,
170,2.83900,112.67626,238.84979,439.22083,843.70389,808.38357,1045.19021,1376.23582,33.93362,65.60378,470.08024,858.09316,792.76032,1032.76329,1371.75486,909.05343,921.42302,1517.29862,127.63611,425.61141,427.89659,126.29674,417.61881,408.06602,253.75900,334.51567,249.52369,339.62707,123.78776,462.42563,297.78943,98.69267,28.08156,70.94926,164.88975,74.90095,71.95394,111.07046,81.72951,105.88803,86.48320,31.31197,82.76740,37.24561,
171,2.85570,109.70620,234.64354,444.88430,845.51894,809.62119,1046.81250,1377.89578,33.77774,66.86047,468.78215,859.25599,795.86663,1035.33450,1373.79808,912.11876,922.16818,1517.73027,127.78205,425.80191,429.74959,125.29939,417.16811,406.98508,253.43641,334.98043,249.81373,338.93088,123.37954,462.37396,297.92505,102.12251,29.58369,68.77961,164.26986,74.00180,73.61409,110.63485,81.24118,106.55667,86.97965,31.65418,82.76504,36.82794,
172,2.87240,104.84743,228.20173,450.76748,847.28789,810.49655,1048.03128,1379.69492,33.78952,67.75157,467.94338,860.80035,799.14563,1037.58604,1375.88966,914.59524,922.59907,1518.01556,128.41577,425.00541,431.58057,123.42050,417.44760,405.97871,253.11577,336.10885,249.68156,338.61629,122.35255,462.84967,297.45744,106.14958,31.57516,66.73730,163.87358,73.30380,75.38331,110.21734,80.66078,107.26752,87.52624,31.83922,82.78450,36.39405,
173,2.88910,98.12278,214.89625,457.15871,854.48871,811.20483,1048.59429,1380.66427,33.78126,68.07483,466.91766,862.43269,802.14968,1039.45777,1377.79740,916.64836,922.76618,1518.24113,125.49653,426.46274,424.07889,122.19959,416.95453,404.62259,252.38167,337.15888,249.50508,338.51536,102.54410,463.17946,297.34343,111.49729,34.61155,69.53234,163.17986,72.54306,77.81036,109.85702,80.02226,107.99844,88.14229,36.66991,82.78572,36.04750,
174,2.90580,91.06375,199.28055,463.44093,857.13183,811.93238,1049.03883,1381.05459,33.45974,69.14640,465.63023,862.94569,804.90672,1041.56817,1379.28230,918.44612,922.75853,1518.31507,122.42651,427.32387,425.01549,123.05324,416.17922,403.98736,251.16280,337.79807,249.91109,337.79293,101.48295,463.23176,297.77164,117.88758,38.17794,67.85607,162.37646,71.59401,79.56223,109.26857,79.37321,108.74989,88.75091,36.63528,82.77652,35.77766,
175,2.92250,82.35133,181.39614,469.28016,858.88928,812.77763,1049.95049,1381.56200,33.13210,70.72020,464.48827,863.39847,807.65433,1043.26378,1380.45580,920.00411,922.50842,1518.21658,120.95880,428.68263,425.11421,122.90513,415.95168,403.79503,249.75877,337.97680,250.06067,337.21411,101.25109,463.40646,298.02926,125.03918,42.18173,66.40833,161.83550,70.88368,81.06835,108.27601,78.85229,109.58321,89.33272,36.41502,82.78954,35.52345,
176,2.93920,70.48952,162.48804,474.21974,859.38609,812.51060,1050.71683,1381.83512,33.13493,71.45210,464.71981,863.63656,810.29476,1044.13725,1381.51770,920.89237,921.99597,1517.90118,121.55087,429.75221,424.13487,124.11324,416.11386,402.41222,249.69911,337.98532,249.63291,337.38069,101.00739,463.86173,298.14357,130.81712,46.49406,65.23869,160.84817,69.92763,82.43196,107.46055,78.42042,110.49703,89.91950,36.39046,82.81710,35.26172,
177,2.95590,60.90282,143.78281,479.03723,860.34132,810.62722,1050.91666,1381.75071,33.11666,73.85816,462.87141,863.25301,812.82469,1045.05700,1382.16010,921.20110,921.27336,1517.42206,119.40160,428.89029,423.27983,125.08899,414.96086,402.75077,250.94693,338.22947,249.29691,337.11670,100.56891,464.30932,298.30859,136.04793,51.40787,64.25934,160.05720,68.86985,83.77142,106.76753,77.98639,111.33132,89.47380,36.22602,82.85858,35.03191,
178,2.97260,52.65730,123.41675,483.03178,860.75328,808.91919,1050.81891,1381.34140,33.13502,75.78755,461.90889,862.91319,814.97318,1045.85821,1382.19311,921.26566,920.31462,1516.74401,118.07951,430.66831,421.76967,123.86645,415.94038,402.47309,251.60724,338.43720,249.52405,336.37748,100.24520,464.50695,298.35832,143.18839,56.61019,63.57265,159.87900,68.17755,85.09252,105.97709,77.57439,112.29488,89.07679,36.01954,82.92129,34.85936,
179,2.98930,45.57128,104.37623,485.40253,860.52343,807.71856,1050.39053,1380.40160,33.09933,75.75085,460.80956,862.35245,816.48787,1046.23459,1382.00683,920.83840,918.89059,1515.57164,117.54524,431.51016,420.53260,124.45880,414.88600,402.30134,251.53235,338.40701,249.99862,335.86084,100.30749,464.83297,298.24116,149.98569,61.99916,63.11922,158.77078,67.25194,86.46999,105.26251,77.20046,113.22950,88.67246,35.62015,82.96053,34.68030,
180,3.00600,40.47363,91.36957,486.07887,858.76939,806.20828,1049.51015,1379.12838,32.93610,78.17143,459.70947,861.31565,817.51210,1046.11977,1381.54069,919.61815,917.33116,1514.24861,118.03222,427.25732,418.70800,125.28791,413.98410,401.88631,251.39713,338.45354,250.45565,335.56764,100.81217,465.30722,298.30165,154.45933,67.48250,62.87722,157.50929,66.21265,87.84918,104.58937,76.86960,114.11796,88.29417,35.41880,83.01048,34.55053,
181,3.02270,38.52276,78.68090,485.50285,856.97995,804.34529,1048.12974,1377.43113,32.64391,80.86883,458.61806,860.07698,818.19909,1045.39200,1380.47786,917.23333,915.72790,1513.03722,117.41719,425.09262,417.32941,123.72165,414.57267,401.49747,251.20569,338.49056,250.53114,335.29800,100.42811,465.81206,298.44678,160.00306,73.13116,62.88134,156.78567,65.47669,89.19445,103.97149,76.60902,114.93550,87.95035,35.23883,83.12570,34.54594,
182,3.03940,40.80417,68.52140,483.37600,854.76254,802.16251,1046.42706,1375.41162,32.41281,81.41747,457.36977,858.53490,818.32541,1043.86099,1378.68168,914.25298,913.58228,1511.14481,116.45691,423.03432,416.57046,123.21955,414.16267,401.17858,251.10111,338.43944,250.35138,335.09810,100.05569,466.38828,298.70589,166.23301,78.70428,63.05841,155.53794,64.52686,89.51925,103.41048,76.41504,115.73486,87.65712,34.91116,83.21160,34.52253,
183,3.05610,44.75153,61.34929,479.99487,851.63152,799.70940,1044.57177,1373.04334,32.38629,83.44308,456.01329,856.73205,817.65903,1041.82598,1376.32248,911.51839,911.24885,1508.93643,118.70392,420.91348,415.89025,123.61235,413.40553,400.87448,251.15009,338.14958,250.42649,334.82734,100.61358,466.56355,299.01045,171.96333,84.03866,63.32007,153.98211,63.31432,88.39154,102.85779,76.24914,116.48172,87.44141,34.64328,83.20767,34.55267,
184,3.07280,53.64787,55.95098,476.17025,848.27830,796.48303,1041.79007,1370.15414,32.40854,86.61559,454.63070,854.67638,816.62669,1039.67924,1373.63426,908.30616,908.57494,1507.04708,120.34332,420.27046,414.98157,123.27900,413.33445,400.45074,251.12383,338.27509,250.66153,334.32533,100.77217,466.74567,299.18338,178.90356,89.09418,63.71752,152.48577,62.08410,87.41139,102.36605,76.08651,117.15305,87.29170,34.41639,83.18020,34.73626,
185,3.08950,57.91544,55.80971,472.35929,845.75512,792.97522,1038.43671,1367.29391,32.41620,89.36642,452.84271,852.48529,815.46129,1037.11882,1370.75924,904.48655,905.10738,1504.74910,120.68914,417.20442,414.19641,123.11632,413.02207,400.30049,250.90416,338.97093,250.39704,334.03678,99.78838,467.51932,299.41562,180.99959,86.77814,64.34689,150.68766,60.68121,86.70336,101.96590,75.95885,117.72895,87.19725,33.90963,83.18823,34.86706,
186,3.10620,68.44061,56.62259,469.18361,842.20530,789.81807,1035.48117,1364.49757,32.40027,92.69740,449.74469,850.68488,813.98017,1034.42834,1367.99561,901.97728,903.54113,1502.34765,126.80728,415.05458,412.35495,123.60934,410.99636,401.75902,250.73751,339.20853,249.62267,333.98118,101.68788,466.87967,299.68726,185.34684,83.70548,64.76283,148.34758,59.04067,86.33013,101.55681,75.90926,117.98631,87.13589,33.62331,83.07816,34.95622,
187,3.12290,73.10772,56.61527,467.01578,839.42319,786.28767,1032.39203,1361.40188,32.22915,97.27365,449.18978,848.76260,812.21602,1032.30679,1365.52324,899.04876,901.15997,1500.46371,126.23173,414.97124,410.37236,124.15986,412.33993,400.60506,250.82591,339.22784,249.20116,333.64481,101.34103,466.81675,299.92160,187.50631,81.47765,65.15185,145.79179,57.33407,85.87488,101.14490,75.89173,117.97903,87.08504,33.54828,83.01044,35.11463,
188,3.13960,76.05496,55.83083,465.85481,836.95515,782.97786,1029.29162,1358.56846,31.82876,102.04001,447.06853,846.89794,810.24681,1030.62664,1363.48093,896.17112,898.91327,1498.44576,129.21681,415.75621,408.61778,124.54106,413.61317,401.07677,250.77076,339.52079,249.59728,333.28655,101.07995,467.01571,300.08072,189.00340,80.46423,65.24720,143.43017,55.53201,85.46899,100.82873,75.87987,118.00876,87.07030,33.37740,82.93694,35.18366,
189,3.15630,72.04681,53.61498,465.50462,834.97500,780.47892,1027.00859,1356.27074,31.60154,106.03885,444.79233,844.95539,808.18294,1029.40971,1361.72304,893.84591,896.86678,1496.57578,126.39842,417.37131,407.41650,125.56758,414.34078,401.58539,250.78490,339.50688,250.35485,332.73712,101.01333,467.29026,300.25730,188.38387,80.69325,65.06675,140.48826,53.54442,85.16529,100.58006,75.87903,117.92186,87.09666,33.24991,82.82359,35.21014,
190,3.17300,65.63395,50.11930,465.29088,833.09816,778.27962,1025.27564,1353.97883,31.52827,111.50085,442.70361,843.06336,805.97905,1028.56558,1359.85526,892.17096,894.13909,1495.29449,127.20540,419.29919,406.72565,415.99193,730.29153,401.87396,251.12618,338.93376,251.18694,331.70096,100.88187,467.59544,300.96347,187.00463,81.94334,64.72252,184.34608,37.31049,85.01364,100.41603,75.87686,117.61608,87.13520,33.08383,82.64765,35.32011,